-- phpMyAdmin SQL Dump
-- version 5.2.1
-- https://www.phpmyadmin.net/
--
-- Host: 127.0.0.1
-- Generation Time: May 18, 2025 at 04:00 PM
-- Server version: 10.4.32-MariaDB
-- PHP Version: 8.0.30

SET SQL_MODE = "NO_AUTO_VALUE_ON_ZERO";
START TRANSACTION;
SET time_zone = "+00:00";


/*!40101 SET @OLD_CHARACTER_SET_CLIENT=@@CHARACTER_SET_CLIENT */;
/*!40101 SET @OLD_CHARACTER_SET_RESULTS=@@CHARACTER_SET_RESULTS */;
/*!40101 SET @OLD_COLLATION_CONNECTION=@@COLLATION_CONNECTION */;
/*!40101 SET NAMES utf8mb4 */;

--
-- Database: `icare`
--

-- --------------------------------------------------------

--
-- Table structure for table `category`
--

CREATE TABLE `category` (
  `id` int(11) NOT NULL,
  `name` varchar(255) NOT NULL
) ENGINE=InnoDB DEFAULT CHARSET=utf8mb4 COLLATE=utf8mb4_general_ci;

--
-- Dumping data for table `category`
--

INSERT INTO `category` (`id`, `name`) VALUES
(4, 'โรคทั่วไป'),
(5, 'ศีรษะ'),
(6, 'ลำตัว'),
(7, 'ลำตัวส่วนล่าง'),
(8, 'อุบัติเหตุ');

-- --------------------------------------------------------

--
-- Table structure for table `comments`
--

CREATE TABLE `comments` (
  `id` int(11) NOT NULL,
  `value` varchar(255) DEFAULT NULL,
  `created_at` timestamp NOT NULL DEFAULT current_timestamp()
) ENGINE=InnoDB DEFAULT CHARSET=utf8mb4 COLLATE=utf8mb4_general_ci;

--
-- Dumping data for table `comments`
--

INSERT INTO `comments` (`id`, `value`, `created_at`) VALUES
(4, 'แก้ไขตรงนี้ให้หน่อยครับ/ค่ะ', '2025-04-01 22:05:14'),
(5, 'Test 18/05/2568', '2025-05-17 10:46:33');

-- --------------------------------------------------------

--
-- Table structure for table `posts`
--

CREATE TABLE `posts` (
  `id` int(11) NOT NULL,
  `title` varchar(255) NOT NULL,
  `user_id` int(11) DEFAULT NULL COMMENT 'คนโพสต์',
  `category_id` int(11) NOT NULL,
  `cover_image_url` varchar(255) DEFAULT NULL,
  `video_link` varchar(255) DEFAULT NULL,
  `content` text NOT NULL,
  `created_at` timestamp NOT NULL DEFAULT current_timestamp(),
  `updated_at` timestamp NOT NULL DEFAULT current_timestamp() ON UPDATE current_timestamp(),
  `user_update_id` int(11) DEFAULT NULL COMMENT 'คนอัพเดทล่าสุด',
  `isActive` tinyint(1) DEFAULT 1,
  `views` int(11) DEFAULT 0
) ENGINE=InnoDB DEFAULT CHARSET=utf8mb4 COLLATE=utf8mb4_general_ci;

--
-- Dumping data for table `posts`
--

INSERT INTO `posts` (`id`, `title`, `user_id`, `category_id`, `cover_image_url`, `video_link`, `content`, `created_at`, `updated_at`, `user_update_id`, `isActive`, `views`) VALUES
(6, 'กลาก (Ringworm)', 7, 4, 'http://res.cloudinary.com/dcq3ijz0g/image/upload/v1742038619/icare/vsolsh2yvdsq3yqaezjv.jpg', 'https://youtu.be/RmNqEtn1314?si=3zU0vvC_CttIOTOq', '<p><strong>สาเหตุของโรคกลาก</strong> มีดังนี้ :</p><p>โรคกลากเกิดจาก การติดเชื้อรากลุ่ม Dermatophytes ซึ่งเป็นเชื้อราที่เจริญเติบโตได้ดีในบริเวณที่มีความชื้น อับ หรือมีเหงื่อสะสม โดยเชื้อนี้สามารถพบได้ทั่วไปในสิ่งแวดล้อม เช่น ดิน เสื้อผ้า พื้น และสามารถติดต่อได้จาก:<br></p><ol><li><p>-<strong> การสัมผัสโดยตรง</strong> กับผู้ที่ติดเชื้อกลาก หรือสัตว์ที่มีเชื้อราบนผิวหนัง เช่น สุนัข แมว</p></li><li><p>-<strong> การใช้ของร่วมกัน</strong> เช่น เสื้อผ้า ผ้าเช็ดตัว หวี หมวก รองเท้า</p></li><li><p>-<strong> พื้นผิวที่มีเชื้อรา</strong> เช่น พื้นในห้องน้ำ ฟิตเนส ห้องเปลี่ยนเสื้อผ้า ที่มีความชื้นสูง</p></li><li><p>-<strong> การดูแลสุขอนามัยไม่ดี</strong> เช่น การไม่เช็ดตัวให้แห้งหลังอาบน้ำ เหงื่อออกแล้วไม่เปลี่ยนเสื้อผ้า ทำให้เชื้อรามีโอกาสเจริญเติบโตได้ง่าย<br><br></p></li></ol><h4><strong>อาการ :</strong></h4><p>- ผื่นวงกลม ขอบยกนูน สีแดง คัน</p><ul><li><p>- อาจมีขุยเล็กๆ ตรงกลางวง</p></li><li><p>- สามารถเกิดได้หลายตำแหน่งบนร่างกาย เช่น ผิวหนังศีรษะ ลำตัว แขน ขา เล็บ</p></li><li><p><br><strong>วิธีดูแล/ป้องกัน :</strong></p></li><li><p>- รักษาความสะอาดผิวหนังให้แห้งอยู่เสมอ</p></li><li><p>- หลีกเลี่ยงการสัมผัสผู้ที่เป็นกลากโดยตรง หรือใช้สิ่งของส่วนตัวร่วมกัน</p></li><li><p>- สวมเสื้อผ้าที่ระบายอากาศได้ดี</p></li><li><p>- รักษาด้วยยาต้านเชื้อรา (ชนิดทาหรือรับประทานตามแพทย์สั่ง)</p></li></ul><p><br><br></p><p></p><p>เครดิตรูปภาพ : https://katudermatology.com/post_service/%E0%B8%81%E0%B8%A5%E0%B8%B2%E0%B8%81/</p>', '2025-03-15 04:44:13', '2025-05-18 13:19:22', 7, 1, 92),
(8, 'กระเพาะปัสสาวะอักเสบ', 7, 7, 'http://res.cloudinary.com/dcq3ijz0g/image/upload/v1742039674/icare/ymuj6csqprtpeglzebyb.jpg', 'https://youtu.be/UFA1NHMS05o?si=tR7TuyOnhQjchmxB', '<p><br><br><strong>กระเพาะปัสสาวะอักเสบเกิดได้อย่างไร?</strong><br>- เกิดจากการติดเชื้อแบคทีเรีย โดยเฉพาะ <em>Escherichia coli (E. coli)</em> ที่เข้าสู่ทางเดินปัสสาวะ</p><ul><li><p>- การกลั้นปัสสาวะบ่อยๆ หรือดื่มน้ำน้อย</p></li><li><p>- การทำความสะอาดบริเวณจุดซ่อนเร้นไม่ถูกวิธี (เช่น เช็ดจากหลังมาหน้า)</p></li><li><p>- การใช้สายสวนปัสสาวะ หรือภาวะสุขภาพบางอย่าง เช่น เบาหวาน<br><br><strong>วิธีการรักษา</strong><br>- ดื่มน้ำมากๆ เพื่อช่วยขับเชื้อออกจากทางเดินปัสสาวะ</p></li><li><p>- ปัสสาวะให้บ่อยขึ้น อย่ากลั้นปัสสาวะ</p></li><li><p>- รับประทานยาปฏิชีวนะ ตามแพทย์สั่ง หากเป็นการติดเชื้อแบคทีเรีย</p></li><li><p>- หลีกเลี่ยงเครื่องดื่มที่ระคายเคืองกระเพาะปัสสาวะ เช่น กาแฟ แอลกอฮอล์ และน้ำอัดลม</p></li><li><p>- หากมีอาการรุนแรง เช่น ปวดมาก ไข้สูง หรือปัสสาวะเป็นเลือด ควรพบแพทย์ทันที<br><br>เครดิตรูป : https://ch9airport.com/th/อาการกระเพาะปัสสาวะอัก/</p></li></ul>', '2025-03-15 04:58:03', '2025-05-18 13:17:42', 7, 1, 39),
(9, 'ตากุ้งยิง', 7, 5, 'http://res.cloudinary.com/dcq3ijz0g/image/upload/v1742039914/icare/qiscbzk8jhvs5roy9plr.jpg', 'https://youtu.be/oj_3BZWLsV4?si=23XY3uIe-1AhitXs', '<p><strong>สาเหตุของกุ้งยิง (Hordeolum)</strong> มีดังนี้:</p><ul><li><p>- เกิดจาก <strong>การติดเชื้อแบคทีเรีย</strong> ที่บริเวณต่อมไขมันหรือรากขนตา โดยเชื้อที่พบบ่อยคือ<br>- <strong>Staphylococcus aureus</strong> (สแตฟีโลค็อกคัส ออเรียส)</p></li><li><p>- มักเกิดเมื่อรูขุมขนหรือท่อน้ำมันบริเวณเปลือกตา <strong>อุดตัน</strong> ทำให้เชื้อแบคทีเรียเจริญเติบโตและทำให้เกิด <strong>การอักเสบ บวมแดง และมีหนอง</strong><br><br><strong>อาการ:</strong></p></li></ul><ul><li><p>- มีตุ่มแดง บวม เจ็บ บริเวณขอบเปลือกตา</p></li><li><p>- อาจมีหนองเล็กน้อยตรงกลางตุ่ม</p></li><li><p>- รู้สึกระคายเคืองตา น้ำตาไหล<br><br></p></li></ul><p><strong>วิธีดูแล/ป้องกัน:</strong></p><ul><li><p>- รักษาความสะอาดบริเวณดวงตา</p></li><li><p>- ประคบอุ่นบริเวณที่เป็นกุ้งยิง ครั้งละ 5-10 นาที วันละ 3-4 ครั้ง</p></li><li><p>- หลีกเลี่ยงการขยี้ตา</p></li><li><p>- ไม่ควรบีบกุ้งยิงเอง</p></li><li><p>- หากอาการไม่ดีขึ้น หรือมีอาการรุนแรง เช่น บวมมาก ตาแดง ควรรีบไปพบแพทย์<br><br>เครดิตรูป : https://www.vimut.com/article/Hordeolum<br><br></p></li></ul>', '2025-03-15 05:02:45', '2025-05-18 12:27:08', 7, 1, 8),
(10, 'ตกจากที่สูง', 7, 8, 'http://res.cloudinary.com/dcq3ijz0g/image/upload/v1742040299/icare/kw7kay5xnjcnhzqbgiqr.jpg', 'https://youtu.be/TmhXhavqwTk?si=s4_rfKYx16Jg-kFr', '<h4><strong>อาการ:</strong>&nbsp;<br>- ความรุนแรงของอาการขึ้นอยู่กับความสูงที่ตกและส่วนของร่างกายที่กระแทกพื้น อาจมีตั้งแต่ฟกช้ำ กระดูกหัก การบาดเจ็บที่ศีรษะและสมอง การบาดเจ็บที่กระดูกสันหลัง การบาดเจ็บที่อวัยวะภายใน ไปจนถึงการเสียชีวิต</h4><p><br><strong>วิธีดูแล/ป้องกันเบื้องต้น:</strong></p><ul><li><p><strong>- ความปลอดภัย ณ จุดเกิดเหตุ:</strong>&nbsp;ประเมินความปลอดภัยก่อนเข้าช่วยเหลือ</p></li><li><p><br><strong>การปฐมพยาบาลเบื้องต้น:</strong></p><ul><li><p><strong>- ดูแลทางเดินหายใจและการหายใจ:</strong>&nbsp;ตรวจสอบการหายใจ หากไม่หายใจ ให้ช่วยฟื้นคืนชีพขั้นพื้นฐาน (CPR) หากได้รับการฝึกฝน</p></li><li><p><strong>- ห้ามเลือด:</strong>&nbsp;กดบริเวณที่มีเลือดออกด้วยผ้าสะอาด</p></li><li><p><strong>- ตรึงกระดูกสันหลังและคอ:</strong>&nbsp;หากสงสัยว่ามีการบาดเจ็บที่กระดูกสันหลังหรือคอ ห้ามเคลื่อนย้ายผู้ป่วยโดยไม่จำเป็น ให้รอทีมแพทย์กู้ชีพที่มีอุปกรณ์และทักษะในการตรึงและเคลื่อนย้ายอย่างปลอดภัย หากจำเป็นต้องเคลื่อนย้าย ให้ประคองศีรษะและลำตัวให้เป็นแนวเดียวกัน</p></li><li><p><strong>- ตรึงกระดูกหักอื่นๆ:</strong>&nbsp;ดามกระดูกที่สงสัยว่าหักด้วยวัสดุแข็งและพันด้วยผ้า</p></li><li><p><strong>- ดูแลบาดแผล:</strong>&nbsp;ปิดบาดแผลด้วยผ้าสะอาด</p></li><li><p><strong>- สังเกตอาการ:</strong>&nbsp;เฝ้าระวังระดับความรู้สึกตัวและการเปลี่ยนแปลงของอาการ</p></li></ul></li><li><p><strong>- โทรแจ้งหน่วยแพทย์ฉุกเฉิน:</strong>&nbsp;โทร 1669 โดยเร็วที่สุด<br><br>เครดิตรูป : https://glovetex.com/wp-content/uploads/2024/02/1395-5.jpg</p></li></ul>', '2025-03-15 05:08:04', '2025-05-17 19:18:41', 7, 1, 12),
(13, 'ความดันโลหิตสูง (Hypertension)', 7, 4, 'http://res.cloudinary.com/dcq3ijz0g/image/upload/v1746675223/icare/xc9sv2mdxfedovswirb9.jpg', 'https://youtu.be/C2tZEGk0HIM?si=ulB6AK0xBUxpSktg', '<p><strong>สาเหตุของความดันโลหิตสูง (Hypertension)</strong> มีดังนี้:</p><h3>- ความดันโลหิตสูงชนิดไม่ทราบสาเหตุแน่ชัด (Primary / Essential Hypertension)</h3><ul><li><p>  พบได้มากถึง 90–95% ของผู้ป่วย</p></li><li><p>  มักเกิดจาก ปัจจัยร่วมหลายอย่าง ที่สะสมในระยะยาว เช่น:</p><ul><li><p>- กรรมพันธุ์ หรือมีประวัติคนในครอบครัวเป็น</p></li><li><p>- อายุ ที่เพิ่มขึ้น (โดยเฉพาะ &gt; 40 ปี)</p></li><li><p>- น้ำหนักเกินหรืออ้วน</p></li><li><p>- การบริโภคเกลือโซเดียมมากเกินไป</p></li><li><p>- การไม่ออกกำลังกาย</p></li><li><p>- ความเครียดสะสม</p></li><li><p>- การสูบบุหรี่และดื่มแอลกอฮอล์เป็นประจำ<br><br></p></li></ul></li></ul><h3><strong>ความดันโลหิตสูงจากสาเหตุเฉพาะ (Secondary Hypertension)</strong></h3><ul><li><p>- พบประมาณ <strong>5–10%</strong> ของผู้ป่วยทั้งหมด<br>- เกิดจากโรคหรือภาวะอื่น เช่น:</p></li></ul><ul><li><p>- โรคของไต เช่น <strong>ไตอักเสบ หรือหลอดเลือดที่ไปเลี้ยงไตตีบ</strong></p></li><li><p>- โรคของต่อมไร้ท่อ เช่น <strong>ภาวะไทรอยด์เป็นพิษ, คุชชิงซินโดรม, ภาวะต่อมหมวกไตทำงานเกิน</strong></p></li><li><p>- การใช้ยาบางชนิด เช่น ยาคุมกำเนิด ยาสเตียรอยด์ ยาลดคัดจมูกบางชนิด</p></li><li><p>- โรคหัวใจแต่กำเนิด หรือหลอดเลือดแดงใหญ่ตีบ</p></li><li><p>- การตั้งครรภ์ (ภาวะความดันโลหิตสูงขณะตั้งครรภ์)<br><br><br><strong>อาการ :</strong>&nbsp;<br>ส่วนใหญ่มักไม่มีอาการแสดงจนกว่าความดันโลหิตจะสูงมาก บางรายอาจมีอาการปวดศีรษะ วิงเวียน หน้ามืด เหนื่อยง่าย หรือใจสั่น<br><br></p></li></ul><p><strong>วิธีดูแล/ป้องกัน :</strong></p><ul><li><p>- ควบคุมน้ำหนักให้อยู่ในเกณฑ์ปกติ</p></li><li><p>- รับประทานอาหารที่มีประโยชน์ ลดโซเดียม (เกลือ) เพิ่มผักและผลไม้</p></li><li><p>- ออกกำลังกายสม่ำเสมอ</p></li><li><p>- งดสูบบุหรี่และจำกัดการดื่มแอลกอฮอล์</p></li><li><p>- จัดการความเครียด</p></li><li><p>- ตรวจวัดความดันโลหิตเป็นประจำ และปรึกษาแพทย์เพื่อรับการรักษาหากมีภาวะความดันโลหิตสูง<br><br>เครดิตรูปภาพ : https://www.phuketinternationalhospital.com/ความดันโลหิตสูง-hypertension/</p></li></ul>', '2025-05-07 20:36:04', '2025-05-18 05:12:30', 7, 1, 0),
(14, 'งูสวัด (Shingles)', 7, 4, 'http://res.cloudinary.com/dcq3ijz0g/image/upload/v1746675581/icare/bjvzqzbexpzbik4bdla0.webp', 'https://youtu.be/lmJl53QebMU?si=b5QSwskoSc6HEPFD', '<p><strong>สาเหตุของโรคงูสวัด (Shingles / Herpes Zoster)</strong> มีดังนี้:<br>- เป็นไวรัสชนิดเดียวกับที่ทำให้เกิด โรคอีสุกอีใส</p><ul><li><p>- หลังจากที่หายจากอีสุกอีใสแล้ว ไวรัสจะไม่หายไปจากร่างกาย แต่จะ ซ่อนตัวอยู่ในปมประสาท (nerve ganglia)</p></li><li><p>- เมื่อร่างกายอ่อนแอหรือภูมิคุ้มกันลดลง ไวรัสจะ กลับมาแสดงอาการอีกครั้งในรูปแบบของ “งูสวัด” โดยจะเดินทางตามเส้นประสาทและทำให้เกิดตุ่มน้ำและอาการปวด<br><br><strong>อาการ:</strong></p></li></ul><ul><li><p>- ปวดแสบร้อนบริเวณผิวหนัง มักเป็นข้างเดียวของลำตัวหรือใบหน้า</p></li><li><p>- มีตุ่มน้ำใสขึ้นเป็นกลุ่ม เรียงตามแนวเส้นประสาท</p></li><li><p>- ต่อมาตุ่มน้ำจะกลายเป็นตุ่มหนองและแตกออกเป็นสะเก็ด</p></li><li><p>- อาจมีไข้ ปวดเมื่อยตามตัว<br><br><strong>วิธีดูแล/ป้องกัน:</strong></p><ul><li><p>- พักผ่อนให้เพียงพอ</p></li><li><p>- ประคบเย็นบริเวณผื่นเพื่อบรรเทาอาการปวดและคัน</p></li><li><p>- หลีกเลี่ยงการสัมผัสผื่นโดยตรง</p></li><li><p>- รับประทานยาแก้ปวดและยาต้านไวรัสตามแพทย์สั่งโดยเร็วที่สุดเพื่อลดความรุนแรงและป้องกันภาวะแทรกซ้อน</p></li><li><p>- วัคซีนป้องกันงูสวัดสำหรับผู้ที่มีอายุ 50 ปีขึ้นไป<br><br>เครดิตรูปภาพ : https://www.chularat3inter.com/th/contents/shingles-symptoms-treatment-prevention</p></li></ul></li></ul>', '2025-05-07 20:40:27', '2025-05-18 05:28:51', 7, 1, 2),
(15, 'ผื่นคันตามตัว (Rash and Itching)', 7, 4, 'http://res.cloudinary.com/dcq3ijz0g/image/upload/v1746675841/icare/aonglr1ax7mdgjzvoezw.jpg', 'https://youtu.be/JTJ5D64iiKM?si=zgJTpUAh81xVKzPE', '<p><strong>สาเหตุของผื่นคัน/ผื่นแพ้ทางผิวหนัง (Skin Rash / Allergic Dermatitis) :</strong><br>- มีหลายปัจจัย ซึ่งอาจเกิดจากการแพ้ ระคายเคือง หรือโรคผิวหนังอื่น ๆ<br><br><strong>อาการ :</strong></p><ul><li><p>- มีผื่นขึ้นตามผิวหนัง ลักษณะแตกต่างกันไป (แดง บวม ตุ่มนูน ตุ่มน้ำ)</p></li><li><p>- อาการคัน อาจคันมากหรือน้อย<br><br></p></li></ul><p><strong>วิธีดูแล/ป้องกัน :</strong></p><ul><li><p>- หลีกเลี่ยงสิ่งที่สงสัยว่าเป็นสาเหตุของการแพ้หรือระคายเคือง</p></li><li><p>- รักษาความสะอาดผิวหนัง</p></li><li><p>- สวมเสื้อผ้าที่ระบายอากาศได้ดี</p></li><li><p>- ใช้ยาบรรเทาอาการคัน เช่น ยาทาที่มีส่วนผสมของคอร์ติโคสเตียรอยด์ หรือยารับประทาน antihistamine (ตามคำแนะนำของแพทย์หรือเภสัชกร)</p></li><li><p>- หากอาการไม่ดีขึ้น หรือมีอาการรุนแรง ควรปรึกษาแพทย์<br><br>เครดิตรูปภาพ : https://www.thaitrueherb.com/article/7/อาการผื่นค้น-ประดง-skin-itching-rashes-eruptions</p></li></ul>', '2025-05-07 20:42:14', '2025-05-18 05:30:01', 7, 1, 0),
(16, 'ฝี (Abscess)', 7, 4, 'http://res.cloudinary.com/dcq3ijz0g/image/upload/v1746675992/icare/zulfiri2xcyrt7ipsumq.jpg', 'https://youtu.be/Lu3ONQPZwqw?si=VR3nwtdX5rMG19eE', '<p><strong>สาเหตุของการเกิดฝี (Abscess)</strong> มีดังนี้:<br>- ฝีเกิดจาก <strong>การติดเชื้อแบคทีเรียที่เข้าสู่ผิวหนังหรือรูขุมขน</strong> ทำให้เกิดการอักเสบและหนองสะสม หากปล่อยไว้โดยไม่รักษาอาจลุกลามหรือกลายเป็นฝีเรื้อรังได้<br><br><strong>อาการ :</strong></p><ul><li><p>- บวม แดง ร้อน และเจ็บปวดบริเวณที่เป็น</p></li><li><p>- อาจมีหนองไหลออกมาเมื่อฝีแตก</p></li><li><p>- อาจมีไข้ร่วมด้วยหากการติดเชื้อรุนแรง<br><br></p></li></ul><p><strong>วิธีดูแล/ป้องกัน :</strong></p><ul><li><p>- รักษาความสะอาดผิวหนังและบาดแผล</p></li><li><p>- หากมีบาดแผล ควรรีบล้างทำความสะอาดและปิดแผล</p></li><li><p>- ประคบอุ่นบริเวณที่เป็นฝี เพื่อช่วยให้หนองไหลออกมา (ห้ามบีบฝีเอง)</p></li><li><p>- หากฝีมีขนาดใหญ่ เจ็บปวดมาก หรือมีไข้ ควรรีบไปพบแพทย์เพื่อรับการรักษา เช่น การกรีดระบายหนอง และ/หรือยาปฏิชีวนะ<br><br>เครดิตรูปภาพ : https://www.pobpad.com/%E0%B8%9D%E0%B8%B5</p></li></ul>', '2025-05-07 20:47:58', '2025-05-18 05:31:03', 7, 1, 0),
(17, 'ลมพิษ (Hives/Urticaria)', 7, 4, 'http://res.cloudinary.com/dcq3ijz0g/image/upload/v1746676159/icare/deqjlqgzktburr5pqtaw.png', 'https://youtu.be/NzLc3wirx3A?si=vqiqZGMFXsCk2UeN', '<p><strong>สาเหตุของลมพิษ (Urticaria) :</strong><br>- ลมพิษเกิดจากการตอบสนองของร่างกายต่อสิ่งกระตุ้น (สารก่อภูมิแพ้หรือปัจจัยอื่น) ทำให้เกิดการหลั่งสารที่ทำให้ผิวหนังบวมแดง คัน และมีผื่นขึ้นได้<br><br><strong>อาการ:</strong></p><ul><li><p>- ผื่นนูนแดง คัน อาจมีขนาดเล็กหรือใหญ่</p></li><li><p>- ผื่นสามารถขึ้นและหายไปได้เร็ว และอาจย้ายตำแหน่งได้<br><br></p></li></ul><p><strong>วิธีดูแล/ป้องกัน:</strong></p><ul><li><p>- หลีกเลี่ยงสิ่งที่สงสัยว่าเป็นสาเหตุของการแพ้</p></li><li><p>- ประคบเย็นเพื่อบรรเทาอาการคัน</p></li><li><p>- รับประทานยาแก้แพ้ (antihistamine) ตามคำแนะนำของแพทย์หรือเภสัชกร</p></li><li><p>- หากมีอาการรุนแรง เช่น หายใจลำบาก หน้าบวม ปากบวม ควรรีบไปพบแพทย์ทันที<br><br>เครดิตรูปภาพ : https://www.rattinan.com/urticaria/</p></li></ul>', '2025-05-07 20:49:42', '2025-05-18 05:31:53', 7, 1, 0),
(18, 'อีสุกอีใส (Chickenpox)', 7, 4, 'http://res.cloudinary.com/dcq3ijz0g/image/upload/v1746676284/icare/noqc8cheoafvcl9lbrsx.jpg', 'https://youtu.be/-2UMshzSE1c?si=3F9ASQpOA4iJbTeY', '<p><strong>สาเหตุของโรคอีสุกอีใส (Chickenpox) :</strong><br>- โรคอีสุกอีใสเกิดจากการติดเชื้อไวรัส Varicella-Zoster ที่แพร่ผ่านการสัมผัสโดยตรงหรือทางละอองเสมหะ ทำให้มีผื่นตุ่มน้ำใสขึ้นทั่วร่างกาย พร้อมอาการไข้ ปวดเมื่อย<br><br><strong>อาการ:</strong></p><ul><li><p>- มีไข้ ปวดเมื่อยตามตัว อ่อนเพลีย</p></li><li><p>- มีผื่นแดงเล็กๆ ขึ้นตามตัวและลามไปทั่ว</p></li><li><p>- ผื่นจะกลายเป็นตุ่มน้ำใส คันมาก</p></li><li><p>- ต่อมาตุ่มน้ำจะแตกและแห้งเป็นสะเก็ด<br><br></p></li></ul><p><strong>วิธีดูแล/ป้องกัน:</strong></p><ul><li><p>- พักผ่อนให้เพียงพอ</p></li><li><p>- ดื่มน้ำมากๆ</p></li><li><p>- รับประทานยาแก้ปวดลดไข้ (paracetamol)</p></li><li><p>- ทายา Calamine lotion เพื่อบรรเทาอาการคัน</p></li><li><p>- หลีกเลี่ยงการแกะเกาตุ่มเพื่อป้องกันการติดเชื้อแทรกซ้อนและรอยแผลเป็น</p></li><li><p>- กักตัวเพื่อป้องกันการแพร่เชื้อ</p></li><li><p>- วัคซีนป้องกันอีสุกอีใส<br><br>เครดิตรูปภาพ : https://th.wikipedia.org/wiki/%E0%B8%AD%E0%B8%B5%E0%B8%AA%E0%B8%B8%E0%B8%81%E0%B8%AD%E0%B8%B5%E0%B9%83%E0%B8%AA</p></li></ul>', '2025-05-07 20:51:53', '2025-05-18 05:32:51', 7, 1, 8),
(19, 'ไข้หวัดใหญ่ (Influenza/Flu)', 7, 4, 'http://res.cloudinary.com/dcq3ijz0g/image/upload/v1746676415/icare/bebwplknxhf0ey740y7r.jpg', 'https://youtu.be/XxiMSYi3SNQ?si=l3vlDSGm_ZV1OkkU', '<p><strong>สาเหตุของโรคไข้หวัดใหญ่ (Influenza) :</strong><br>- ไข้หวัดใหญ่เกิดจากการติดเชื้อไวรัส Influenza ที่แพร่ทางละอองน้ำมูก น้ำลาย ทำให้มีไข้สูง ไอ เจ็บคอ น้ำมูกไหล และอ่อนเพลีย<br><br><strong>อาการ:</strong></p><ul><li><p>- ไข้สูง (38 องศาเซลเซียสขึ้นไป) หนาวสั่น</p></li><li><p>- ปวดศีรษะ ปวดเมื่อยตามตัว</p></li><li><p>- ไอ เจ็บคอ มีน้ำมูก</p></li><li><p>- อ่อนเพลียมาก<br><br></p></li></ul><p><strong>วิธีดูแล/ป้องกัน:</strong></p><ul><li><p>- พักผ่อนให้เพียงพอ</p></li><li><p>- ดื่มน้ำมากๆ</p></li><li><p>- รับประทานยาแก้ปวดลดไข้ (paracetamol)</p></li><li><p>- รักษาตามอาการ เช่น ยาแก้ไอ ยาลดน้ำมูก</p></li><li><p>- ล้างมือบ่อยๆ ด้วยสบู่และน้ำ หรือเจลแอลกอฮอล์</p></li><li><p>- สวมหน้ากากอนามัยเมื่ออยู่ในที่สาธารณะ</p></li><li><p>- หลีกเลี่ยงการคลุกคลีกับผู้ป่วย</p></li><li><p>- วัคซีนป้องกันไข้หวัดใหญ่เป็นประจำทุกปี<br><br><br>เครดิตรูปภาพ : https://www.dibukhospital.com/influenza/</p></li></ul>', '2025-05-07 20:54:56', '2025-05-18 05:33:38', 7, 1, 0),
(20, 'แผลพุพองอักเสบ (Blisters and Inflamed Wounds)', 7, 4, 'http://res.cloudinary.com/dcq3ijz0g/image/upload/v1746676569/icare/cvjz30typx3zrtmmxasa.jpg', 'https://youtu.be/0k8KKjR3Goc?si=TzXn1l7lEa7i69-s', '<p><strong>สาเหตุของแผลพุพองและแผลอักเสบ :</strong><br>- แผลพุพองเกิดจากการระคายเคืองหรือทำลายผิวหนังชั้นบนทำให้มีน้ำใสสะสม ส่วนแผลอักเสบเกิดจากการติดเชื้อแบคทีเรียที่แผล ทำให้เกิดการอักเสบและเจ็บปวด<br><br><strong>อาการ:</strong></p><ul><li><p><strong>แผลพุพอง:</strong>&nbsp;มีตุ่มน้ำใสขึ้น</p></li><li><p><strong>แผลอักเสบ:</strong>&nbsp;บวม แดง ร้อน เจ็บปวด อาจมีหนอง<br><br></p></li></ul><p><strong>วิธีดูแล/ป้องกัน:</strong></p><ul><li><p><strong>แผลพุพอง:</strong></p><ul><li><p>- ถ้าตุ่มยังไม่แตก ไม่ควรเจาะเอง</p></li><li><p>- ปิดแผลด้วยผ้าก๊อซสะอาดเพื่อป้องกันการติดเชื้อ</p></li><li><p>- หลีกเลี่ยงการเสียดสีบริเวณแผล</p></li></ul></li><li><p><strong>แผลอักเสบ:</strong></p><ul><li><p>- ล้างแผลด้วยน้ำสะอาดหรือน้ำเกลือ</p></li><li><p>- ใส่ยาฆ่าเชื้อ (ตามคำแนะนำของแพทย์หรือเภสัชกร)</p></li><li><p>- ปิดแผลด้วยผ้าก๊อซสะอาด</p></li><li><p>- หากมีอาการรุนแรง เช่น บวมแดงมากขึ้น มีหนอง มีไข้ ควรรีบไปพบแพทย์<br><br>เครดิตรูปภาพ : https://health.kapook.com/view279834.html</p></li></ul></li></ul>', '2025-05-07 20:58:01', '2025-05-18 05:34:33', 7, 1, 0),
(21, 'โรคไข้เลือดออก (Dengue Fever)', 7, 4, 'http://res.cloudinary.com/dcq3ijz0g/image/upload/v1746676714/icare/meophfve6saun827azui.jpg', 'https://youtu.be/l35Qx6zAqdQ?si=nCe52_s2FgTnocWH', '<p><strong>สาเหตุของโรคไข้เลือดออก (Dengue Fever) :</strong><br><strong>- </strong>ไข้เลือดออกเกิดจากไวรัสเดงกีที่แพร่โดยยุงลาย Aedes สาเหตุหลักคือยุงกัดและนำไวรัสเข้าสู่ร่างกาย ทำให้มีไข้สูง ปวดตามตัว และเลือดออกผิดปกติในกรณีรุนแรง<br><br><strong>อาการ:</strong></p><ul><li><p>- ไข้สูงเฉียบพลัน ปวดศีรษะ ปวดกระบอกตา ปวดเมื่อยตามตัว ปวดข้อ</p></li><li><p>- อาจมีจุดเลือดออกตามผิวหนัง</p></li><li><p>- ในรายที่รุนแรงอาจมีภาวะเลือดออกผิดปกติ เช่น เลือดกำเดาไหล อาเจียนเป็นเลือด ถ่ายดำ และอาจเกิดภาวะช็อกได้<br><br></p></li></ul><p><strong>วิธีดูแล/ป้องกัน:</strong></p><ul><li><p>- พักผ่อนให้เพียงพอ</p></li><li><p>- ดื่มน้ำมากๆ</p></li><li><p>- รับประทานยาแก้ปวดลดไข้ (paracetamol) ห้ามใช้ยาแอสไพรินหรือไอบูโพรเฟน</p></li><li><p>- เช็ดตัวลดไข้</p></li><li><p>- รีบไปพบแพทย์หากมีอาการน่าสงสัย</p></li><li><p>- ป้องกันไม่ให้ยุงกัด โดยทายากันยุง สวมเสื้อผ้าแขนยาวขายาว นอนในมุ้ง กำจัดแหล่งเพาะพันธุ์ยุงลาย<br><br>เครดิตรูปภาพ : https://www.tropmedhospital.com/knowledge/dengue.html</p></li></ul>', '2025-05-07 20:59:38', '2025-05-18 05:35:11', 7, 1, 0),
(22, 'เริม (Herpes Simplex)', 7, 5, 'http://res.cloudinary.com/dcq3ijz0g/image/upload/v1746676867/icare/w2wzxwrigz3gaun9jfre.jpg', 'https://youtu.be/lxHrJK_o57I?si=4SBZ6kc39A7NT3or', '<p><strong>สาเหตุของโรคเริม (Herpes Simplex Virus Infection) :</strong><br>- โรคเริมเกิดจากเชื้อไวรัส HSV ซึ่งติดต่อโดยการสัมผัสแผลหรือตุ่มน้ำที่มีเชื้อไวรัส ไวรัสสามารถแฝงตัวและกลับมาเป็นซ้ำได้เมื่อร่างกายอ่อนแอหรือถูกกระตุ้น<br><br><strong>อาการ :</strong></p><ul><li><p>- อาจมีไข้ ปวดเมื่อยตามตัว ต่อมน้ำเหลืองโต (โดยเฉพาะการติดเชื้อครั้งแรก)</p></li><li><p>- เชื้อไวรัสจะแฝงตัวอยู่ในร่างกายและสามารถกลับมาเป็นซ้ำได้เมื่อร่างกายอ่อนแอ<br><br></p></li></ul><p><strong>วิธีดูแล/ป้องกัน :</strong></p><ul><li><p>- หลีกเลี่ยงการสัมผัสแผลโดยตรง</p></li><li><p>- ล้างมือให้สะอาดหลังสัมผัสแผล</p></li><li><p>- ประคบเย็นเพื่อบรรเทาอาการปวดและบวม</p></li><li><p>- ทายาต้านไวรัส (ชนิดทาหรือรับประทานตามแพทย์สั่ง) โดยเฉพาะเมื่อเริ่มมีอาการ</p></li><li><p>- หลีกเลี่ยงปัจจัยกระตุ้นที่ทำให้เกิดการกำเริบ เช่น ความเครียด แสงแดด</p></li><li><p>- สำหรับเริมที่อวัยวะเพศ ควรงดการมีเพศสัมพันธ์ขณะมีอาการ<br><br>เครดิตรูปภาพ : https://www.vimut.com/article/Herpes-Simplex-virus</p></li></ul>', '2025-05-07 21:02:22', '2025-05-18 05:36:08', 7, 1, 0),
(23, 'คัดจมูกแพ้อากาศ (Nasal Congestion due to Allergies/Allergic Rhinitis)', 7, 5, 'http://res.cloudinary.com/dcq3ijz0g/image/upload/v1746676975/icare/lwpvgxijxf61lnyfdeam.jpg', 'https://youtu.be/pwFwQSGmg8s?si=hSpN7_gA8Tl1HPj4', '<p><strong>สาเหตุของโรคคัดจมูกแพ้อากาศ (Allergic Rhinitis) :</strong><br>- ระบบภูมิคุ้มกันของร่างกายตอบสนองเกินไปต่อสารก่อภูมิแพ้ในอากาศ</p><ul><li><p>- สารก่อภูมิแพ้กระตุ้นให้ร่างกายปล่อยสารฮิสตามีน ทำให้เยื่อบุจมูกบวม น้ำมูกไหล และคัดจมูก<br><br><strong>อาการ:</strong></p></li></ul><ul><li><p>- คัดจมูก น้ำมูกไหล (ใส) จาม คันจมูก คันตา แสบตา</p></li><li><p>- อาจมีอาการไอ เจ็บคอ หรือปวดศีรษะร่วมด้วย<br><br></p></li></ul><p><strong>วิธีดูแล/ป้องกัน:</strong></p><ul><li><p>- หลีกเลี่ยงสารก่อภูมิแพ้ที่ทราบ</p></li><li><p>- ทำความสะอาดบ้านเป็นประจำ ลดไรฝุ่น</p></li><li><p>- ใช้เครื่องกรองอากาศ</p></li><li><p>- สวมหน้ากากอนามัยเมื่อต้องสัมผัสสารก่อภูมิแพ้</p></li><li><p>- ล้างจมูกด้วยน้ำเกลือ</p></li><li><p>- รับประทานยาแก้แพ้ (antihistamine) ยาลดน้ำมูก หรือใช้สเปรย์พ่นจมูก (ตามคำแนะนำของแพทย์หรือเภสัชกร)</p></li><li><p>- การรักษาด้วยภูมิบำบัด (allergy immunotherapy) ภายใต้การดูแลของแพทย์<br><br>เครดิตรูปภาพ : https://ihealzy.com/allergic-rhinitis-0272/</p></li></ul>', '2025-05-07 21:04:07', '2025-05-18 05:37:26', 7, 1, 0),
(24, 'คางทูม (Mumps)', 7, 5, 'http://res.cloudinary.com/dcq3ijz0g/image/upload/v1746677112/icare/opecaytxettu34vopql5.jpg', 'https://youtu.be/QkncouXudIc?si=5XrMgsTMYy3G2Uyc', '<p><strong>สาเหตุของคางทูม (Mumps) :</strong><br>- การติดเชื้อไวรัสคางทูมโดยการสัมผัสใกล้ชิดกับผู้ป่วย</p><ul><li><p>- ไวรัสเข้าสู่ร่างกายผ่านทางระบบทางเดินหายใจ</p></li><li><p>- มักระบาดในเด็กหรือผู้ที่ไม่ได้รับวัคซีนป้องกัน<br><br><strong>อาการ :</strong></p></li></ul><ul><li><p>- มีไข้ ปวดเมื่อยตามตัว อ่อนเพลีย</p></li><li><p>- ต่อมน้ำลายบริเวณข้างแก้มบวมโต กดเจ็บ (มักเป็นสองข้าง)</p></li><li><p>- อาจมีอาการปวดศีรษะ ปวดหู กลืนลำบาก<br><br></p></li></ul><p><strong>วิธีดูแล/ป้องกัน :</strong></p><ul><li><p>- พักผ่อนให้เพียงพอ</p></li><li><p>- ดื่มน้ำมากๆ</p></li><li><p>- รับประทานยาแก้ปวดลดไข้ (paracetamol)</p></li><li><p>- ประคบเย็นบริเวณที่บวมเพื่อบรรเทาอาการปวด</p></li><li><p>- รับประทานอาหารอ่อนๆ ที่เคี้ยวง่าย</p></li><li><p>- กักตัวเพื่อป้องกันการแพร่เชื้อ</p></li><li><p>- วัคซีนป้องกันคางทูม (มักอยู่ในวัคซีนรวม MMR)<br><br>เครดิตรูปภาพ : https://www.siamhealth.net/public_html/Disease/infectious/mumps.htm</p></li></ul>', '2025-05-07 21:06:40', '2025-05-18 05:38:22', 7, 1, 0),
(25, 'ต่อมทอนซิลอักเสบ (Tonsillitis)', 7, 5, 'http://res.cloudinary.com/dcq3ijz0g/image/upload/v1746677291/icare/nkqyflape14ynj3z7wru.jpg', 'https://youtu.be/zBvpAqIJ570?si=0Y9QEmaroS3S_N5b', '<p><strong>สาเหตุของโรคต่อมทอนซิลอักเสบ (Tonsillitis) :</strong><br>- การติดเชื้อไวรัส เช่น ไวรัสไข้หวัด ไวรัสอื่น ๆ</p><ul><li><p>- การติดเชื้อแบคทีเรีย เช่น Streptococcus pyogenes (เชื้อสเตรปโทคอกคัส)</p></li><li><p>- ติดต่อจากการไอ จาม หรือสัมผัสกับสารคัดหลั่งของผู้ป่วย</p></li><li><p>- ภูมิคุ้มกันต่ำหรืออยู่ในสภาพแวดล้อมที่แออัด<br><br><strong>อาการ :</strong></p></li></ul><ul><li><p>- เจ็บคอมาก กลืนลำบาก</p></li><li><p>- ทอนซิลบวมแดง อาจมีหนองสีขาวหรือเหลือง</p></li><li><p>- มีไข้ ปวดศีรษะ ปวดเมื่อยตามตัว</p></li><li><p>- อาจมีต่อมน้ำเหลืองที่คอบวมโต กดเจ็บ<br><br></p></li></ul><p><strong>วิธีดูแล/ป้องกัน :</strong></p><ul><li><p>- พักผ่อนให้เพียงพอ</p></li><li><p>- ดื่มน้ำอุ่นมากๆ</p></li><li><p>- กลั้วคอด้วยน้ำเกลืออุ่น</p></li><li><p>- รับประทานยาแก้ปวดลดไข้ (paracetamol)</p></li><li><p>- หากเกิดจากเชื้อแบคทีเรีย แพทย์จะสั่งยาปฏิชีวนะ</p></li><li><p>- หลีกเลี่ยงการคลุกคลีกับผู้ป่วย</p></li><li><p>- ล้างมือบ่อยๆ<br><br>เครดิตรูปภาพ : https://hdmall.co.th/blog/hdcare/tonsil-screening-selfcheck/</p></li></ul>', '2025-05-07 21:08:21', '2025-05-18 05:39:13', 7, 1, 0),
(26, 'ไซนัสอักเสบ (Sinusitis)', 7, 5, 'http://res.cloudinary.com/dcq3ijz0g/image/upload/v1746677358/icare/wcgbmbgpywnjo7qwkldw.jpg', 'https://youtu.be/S8Cso2xNun0?si=-JK4U5pSNvbpskLt', '<p><strong>สาเหตุของโรคไซนัสอักเสบ (Sinusitis) :</strong><br>- เกิดจากการติดเชื้อที่โพรงไซนัส ซึ่งมักเป็นเชื้อไวรัสหรือเชื้อแบคทีเรีย ทำให้โพรงไซนัสอักเสบและมีน้ำมูกคั่งค้าง</p><ul><li><p>- ภูมิแพ้หรือการระคายเคืองจากสารก่อภูมิแพ้ เช่น ฝุ่นละออง ควัน หรือมลภาวะ ทำให้เยื่อบุโพรงจมูกบวม อุดตันช่องระบายของไซนัส</p></li><li><p>- การติดเชื้อทางเดินหายใจบน เช่น ไข้หวัด ที่ทำให้เยื่อบุโพรงไซนัสบวม</p></li><li><p>- ภาวะโครงสร้างในจมูกผิดปกติ เช่น ผนังกั้นจมูกคด อาจทำให้การระบายไซนัสติดขัด<br><br><strong>อาการ:</strong></p></li></ul><ul><li><p>- คัดจมูก มีน้ำมูก (อาจเป็นสีเหลือง เขียว หรือข้น)</p></li><li><p>- ปวดบริเวณใบหน้า (หน้าผาก โหนกแก้ม รอบดวงตา)</p></li><li><p>- ปวดศีรษะ</p></li><li><p>- รับรู้กลิ่นลดลง</p></li><li><p>- อาจมีไข้ ไอ เจ็บคอ<br><br></p></li></ul><p><strong>วิธีดูแล/ป้องกัน:</strong></p><ul><li><p>- พักผ่อนให้เพียงพอ</p></li><li><p>- ดื่มน้ำมากๆ</p></li><li><p>- ล้างจมูกด้วยน้ำเกลือ</p></li><li><p>- ประคบร้อนบริเวณใบหน้า</p></li><li><p>- ใช้ยาบรรเทาอาการ เช่น ยาลดน้ำมูก ยาแก้ปวด (ตามคำแนะนำของแพทย์หรือเภสัชกร)</p></li><li><p>- หากเกิดจากเชื้อแบคทีเรีย แพทย์อาจสั่งยาปฏิชีวนะ</p></li><li><p>- หลีกเลี่ยงสารก่อภูมิแพ้และมลภาวะ<br><br>เครดิตรูปภาพ : https://www.health2click.com/2021/06/09/โรคไซนัสอักเสบ-sinusitis/</p></li></ul>', '2025-05-07 21:11:03', '2025-05-18 05:40:06', 7, 1, 0),
(27, 'เหงือกอักเสบ (Gingivitis)', 7, 5, 'http://res.cloudinary.com/dcq3ijz0g/image/upload/v1746677597/icare/gsjat2650gbjgu4qpspy.jpg', 'https://youtu.be/RJmfbpiqMUc?si=USTK-LeH8XcXBDvH', '<p><strong>สาเหตุของเหงือกบวมและเลือดออก (Gingivitis / โรคเหงือกอักเสบ) :</strong><br>- การสะสมของคราบพลัค (plaque) ซึ่งเป็นฟิล์มแบคทีเรียบนผิวฟันและเหงือก หากไม่ทำความสะอาดอย่างถูกต้องและสม่ำเสมอ จะทำให้เหงือกอักเสบและบวมแดง</p><ul><li><p>- การมีหินปูน (tartar) ซึ่งเป็นคราบแข็งที่เกิดจากการสะสมของคราบพลัค หากไม่ได้รับการขูดออก จะทำให้เหงือกระคายเคืองและเกิดการอักเสบเรื้อรัง</p></li><li><p>- การใช้ยาสูบ หรือสูบบุหรี่ เป็นปัจจัยเสริมที่ทำให้เหงือกบวมและฟื้นตัวช้า</p></li><li><p>- ภาวะสุขภาพอื่น ๆ เช่น เบาหวาน ระบบภูมิคุ้มกันบกพร่อง อาจทำให้เหงือกอักเสบง่ายขึ้น</p></li><li><p>- การเปลี่ยนแปลงฮอร์โมน เช่น ในหญิงตั้งครรภ์ หรือวัยรุ่น ที่ทำให้เหงือกบวมง่ายขึ้น<br><br><strong>อาการ:</strong></p></li></ul><ul><li><p>- เหงือกบวมแดง</p></li><li><p>- เลือดออกขณะแปรงฟันหรือใช้ไหมขัดฟัน</p></li><li><p>- เหงือกร่น</p></li><li><p>- มีกลิ่นปาก<br><br></p></li></ul><p><strong>วิธีดูแล/ป้องกัน:</strong></p><ul><li><p>- แปรงฟันอย่างน้อยวันละ 2 ครั้ง ด้วยยาสีฟันที่มีฟลูออไรด์</p></li><li><p>- ใช้ไหมขัดฟันทุกวัน</p></li><li><p>- พบทันตแพทย์เพื่อตรวจสุขภาพช่องปากและขูดหินปูนเป็นประจำ (อย่างน้อยปีละ 1-2 ครั้ง)</p></li><li><p>- งดสูบบุหรี่<br><br>เครดิตรูปภาพ : https://www.familyfundee.com/dental-blog/inflamed-gums</p></li></ul>', '2025-05-07 21:14:01', '2025-05-18 05:40:57', 7, 1, 0),
(28, 'คอพอก (Goiter)', 7, 5, 'http://res.cloudinary.com/dcq3ijz0g/image/upload/v1746677730/icare/dfvlqiuedgvl5lulmn55.jpg', 'https://youtu.be/dwaW4UdSKW4?si=2jqb1L0C7COP7po-', '<p><strong>สาเหตุของคอพอก (ต่อมไทรอยด์โต) :</strong><br>- <strong>ขาดไอโอดีนในอาหาร</strong> เป็นสาเหตุหลักที่ทำให้ต่อมไทรอยด์โต เพราะต่อมไทรอยด์ต้องใช้อิเล็กโทรไอโอดีนในการสร้างฮอร์โมนไทรอยด์</p><ul><li><p><strong>- ภาวะไทรอยด์อักเสบ</strong> (Thyroiditis) ซึ่งอาจเกิดจากการติดเชื้อหรือภาวะภูมิคุ้มกันทำลายตัวเอง</p></li><li><p><strong>- โรคไทรอยด์เป็นพิษ</strong> (Hyperthyroidism) เช่น โรคเกรฟส์ (Graves’ disease) ทำให้ต่อมโตและมีการทำงานเกิน</p></li><li><p><strong>- เนื้องอกหรือถุงน้ำในต่อมไทรอยด์</strong> ซึ่งอาจทำให้เกิดก้อนหรือโตบริเวณคอ</p></li><li><p><strong>- ภาวะไทรอยด์ทำงานต่ำ</strong> (Hypothyroidism) บางครั้งอาจมีการโตของต่อมด้วย<br><br><strong>อาการ:</strong></p></li></ul><ul><li><p>- คลำพบก้อนหรือการบวมบริเวณคอ</p></li><li><p>- อาจรู้สึกแน่นคอ กลืนลำบาก หายใจลำบาก เสียงแหบ (ในรายที่ต่อมไทรอยด์โตมาก)</p></li><li><p>- อาการอื่นๆ จะขึ้นอยู่กับสาเหตุของคอพอก เช่น หากเป็นโรคไทรอยด์เป็นพิษ อาจมีอาการใจสั่น น้ำหนักลด มือสั่น<br><br></p></li></ul><p><strong>วิธีดูแล/ป้องกัน:</strong></p><ul><li><p>- รับประทานอาหารที่มีไอโอดีนเพียงพอ (เช่น เกลือเสริมไอโอดีน อาหารทะเล)</p></li><li><p>- หากพบความผิดปกติบริเวณคอ ควรรีบไปพบแพทย์เพื่อตรวจวินิจฉัยและรับการรักษาตามสาเหตุ<br><br>เครดิตรูปภาพ : https://www.mccormickhospital.com/web/articles/blogs/nowan</p></li></ul>', '2025-05-07 21:15:58', '2025-05-18 05:41:37', 7, 1, 0),
(29, 'ความดันต่ำหน้ามืดเวียนศีรษะ (Low Blood Pressure/Hypotension)', 7, 5, 'http://res.cloudinary.com/dcq3ijz0g/image/upload/v1746677825/icare/ajbeo6knuekili8boghi.jpg', 'https://youtu.be/TJzBDFqxPq8?si=Zt6izck9Sg4PvWUa', '<p><strong>สาเหตุของความดันโลหิตต่ำ (Hypotension) :</strong></p><ul><li><p>- การเปลี่ยนท่าทางอย่างรวดเร็ว เช่น ลุกขึ้นเร็ว อาจทำให้ความดันตกชั่วคราว (orthostatic hypotension)</p></li><li><p>- ขาดน้ำหรือน้ำตาลในเลือดต่ำ ทำให้ร่างกายขาดของเหลวและพลังงาน</p></li><li><p>- โรคหัวใจ เช่น หัวใจล้มเหลว หัวใจเต้นผิดจังหวะ</p></li><li><p>- ภาวะเลือดจางหรือเสียเลือด</p></li><li><p>- ผลข้างเคียงจากยา เช่น ยาลดความดัน ยาขับปัสสาวะ หรือยาบางชนิดที่ใช้รักษาโรคอื่นๆ</p></li><li><p>- ภาวะติดเชื้อรุนแรง (Sepsis) หรือการตอบสนองต่อการแพ้ (anaphylaxis)</p></li><li><p>- โรคต่อมไร้ท่อ เช่น ภาวะพร่องฮอร์โมนหมวกไต<br><br><strong>อาการ:</strong></p></li></ul><ul><li><p>- หน้ามืด วิงเวียนศีรษะ</p></li><li><p>- อ่อนเพลีย เหนื่อยง่าย</p></li><li><p>- คลื่นไส้</p></li><li><p>- ใจสั่น</p></li><li><p>- มองเห็นไม่ชัด</p></li><li><p>- เป็นลม<br><br></p></li></ul><p><strong>วิธีดูแล/ป้องกัน:</strong></p><ul><li><p>- ดื่มน้ำให้เพียงพอ</p></li><li><p>- รับประทานอาหารที่มีรสเค็มเล็กน้อย (ตามคำแนะนำของแพทย์)</p></li><li><p>- หลีกเลี่ยงการเปลี่ยนท่าทางอย่างรวดเร็ว</p></li><li><p>- ออกกำลังกายสม่ำเสมอ</p></li><li><p>- สวมถุงน่องที่ช่วยพยุงขา (compression stockings)</p></li><li><p>- หากมีอาการบ่อยหรือรุนแรง ควรรีบไปพบแพทย์เพื่อหาสาเหตุและรับการรักษา<br><br>เครดิตรูปภาพ : https://www.istockphoto.com/th/search/2/image-film?phrase=ความด้นโลหิตต่ำ</p></li></ul>', '2025-05-07 21:18:13', '2025-05-18 05:42:32', 7, 1, 2),
(30, 'สาเหตุริดสีดวงตา (Subconjunctival Hemorrhage)', 7, 5, 'http://res.cloudinary.com/dcq3ijz0g/image/upload/v1746677934/icare/vir3izxzqhglp5dtbhyx.jpg', 'https://youtu.be/aTQuA1pHa2E?si=2w6KJcWumvnWHdbr', '<p><strong>สาเหตุริดสีดวงตา (Subconjunctival Hemorrhage) :</strong><br>- แรงดันในลูกตาสูงกะทันหัน เช่น เบ่ง ไอ จามแรง</p><ul><li><p>- ขยี้ตาหรือบาดเจ็บตา</p></li><li><p>- ความดันโลหิตสูง</p></li><li><p>- ปัญหาการแข็งตัวของเลือดหรือใช้ยาละลายลิ่มเลือด</p></li><li><p>- การติดเชื้อหรืออักเสบในตา (บางกรณี)</p></li><li><p>- อุบัติเหตุหรือผ่าตัดที่ตา<br><br><strong>อาการ:</strong></p></li></ul><ul><li><p>- มีจุดหรือแผ่นสีแดงสดบริเวณตาขาว (ไม่มีอาการเจ็บปวดหรือมองเห็นผิดปกติ)<br><br></p></li></ul><p><strong>วิธีดูแล/ป้องกัน:</strong></p><ul><li><p>- ส่วนใหญ่มักหายได้เองภายใน 1-2 สัปดาห์</p></li><li><p>- ไม่จำเป็นต้องรักษาพิเศษ</p></li><li><p>- หากมีอาการปวดตา มองเห็นผิดปกติ หรือเกิดขึ้นบ่อยๆ ควรปรึกษาแพทย์<br><br>เครดิตรูปภาพ : https://medthai.com/%E0%B8%A3%E0%B8%B4%E0%B8%94%E0%B8%AA%E0%B8%B5%E0%B8%94%E0%B8%A7%E0%B8%87%E0%B8%95%E0%B8%B2/</p></li></ul>', '2025-05-07 21:20:12', '2025-05-18 05:44:58', 7, 1, 2),
(31, 'ท้องร่วง (Diarrhea)', 7, 6, 'http://res.cloudinary.com/dcq3ijz0g/image/upload/v1746852941/icare/ewdeagtvnrfn6wqyhyi9.jpg', 'https://youtu.be/1i6RXLm-Evs?si=HV_uzF6QrOEkWUv8', '<p><strong>สาเหตุของท้องร่วง (Diarrhea) :</strong><br>- การติดเชื้อไวรัส แบคทีเรีย หรือปรสิต เช่น โนโรไวรัส ซัลโมเนลลา หรืออะมีบา</p><ul><li><p>- การรับประทานอาหารหรือน้ำที่ปนเปื้อนเชื้อโรค</p></li><li><p>- การแพ้อาหารหรือไม่ย่อยอาหารบางชนิด</p></li><li><p>- ผลข้างเคียงจากยาบางชนิด เช่น ยาปฏิชีวนะ</p></li><li><p>- โรคลำไส้เรื้อรัง เช่น โรคลำไส้อักเสบ<br><br><strong>อาการ:</strong>&nbsp;<br>- ถ่ายเหลวหรือถ่ายเป็นน้ำบ่อยกว่าปกติ อาจมีอาการปวดท้อง มวนท้อง คลื่นไส้ อาเจียน หรือมีไข้ร่วมด้วย<br><br></p></li></ul><p><strong>วิธีดูแล/ป้องกัน:</strong></p><ul><li><p>- ดื่มน้ำเกลือแร่ (ORS) หรือน้ำสะอาดมากๆ เพื่อป้องกันภาวะขาดน้ำ</p></li><li><p>- รับประทานอาหารอ่อนๆ ย่อยง่าย เช่น ข้าวต้ม โจ๊ก</p></li><li><p>- หลีกเลี่ยงอาหารรสจัด อาหารมัน อาหารดิบ</p></li><li><p>- รักษาความสะอาด ล้างมือบ่อยๆ</p></li><li><p>- หากอาการไม่ดีขึ้น มีไข้สูง ถ่ายเป็นมูกเลือด หรือมีอาการขาดน้ำ ควรรีบไปพบแพทย์<br><br><br>เครดิตรูปภาพ : https://www.tropmedhospital.com/knowledge/acute_diarrhea_intro.html</p></li></ul>', '2025-05-09 21:56:37', '2025-05-18 05:46:38', 7, 1, 0),
(32, 'ท้องเสีย (Dysentery)', 7, 6, 'http://res.cloudinary.com/dcq3ijz0g/image/upload/v1746853063/icare/tlr90f6riuglb0lpotp8.jpg', 'https://youtu.be/1i6RXLm-Evs?si=FG6shqUOOIGsFIDe', '<p><strong>สาเหตุของท้องเสีย (Dysentery) :</strong></p><ul><li><p>- การติดเชื้อแบคทีเรีย เช่น ชิเกลลา (Shigella) หรือ อีโคไล (E. coli)</p></li><li><p>- การติดเชื้อปรสิตบางชนิด เช่น อะมีบา (Entamoeba histolytica)</p></li><li><p>- การรับประทานอาหารหรือน้ำที่ปนเปื้อนเชื้อโรค</p></li><li><p>- การรักษาความสะอาดไม่เพียงพอ<br><br><strong>อาการ:</strong></p></li></ul><ul><li><p>- ถ่ายเหลวหรือเป็นน้ำบ่อยครั้ง</p></li><li><p>- ปวดท้องรุนแรง มวนท้อง</p></li><li><p>- ถ่ายมีมูกเลือดปน</p></li><li><p>- อาจมีไข้สูง อ่อนเพลีย<br><br></p></li></ul><p><strong>วิธีดูแล/ป้องกัน:</strong></p><ul><li><p>- ดื่มน้ำเกลือแร่ (ORS) หรือน้ำสะอาดมากๆ เพื่อป้องกันภาวะขาดน้ำ</p></li><li><p>- พักผ่อนให้เพียงพอ</p></li><li><p>- รักษาความสะอาด ล้างมือบ่อยๆ</p></li><li><p>- รับประทานอาหารที่ปรุงสุก สะอาด</p></li><li><p>- หลีกเลี่ยงการรับประทานอาหารและน้ำดื่มที่ไม่สะอาด</p></li><li><p>- ควรรีบไปพบแพทย์เพื่อรับการวินิจฉัยและการรักษาด้วยยาปฏิชีวนะหรือยาฆ่าเชื้อ<br><br>เครดิตรูปภาพ : https://www.pobpad.com/%E0%B8%97%E0%B9%89%E0%B8%AD%E0%B8%87%E0%B9%80%E0%B8%AA%E0%B8%B5%E0%B8%A2</p></li></ul>', '2025-05-09 21:58:41', '2025-05-18 05:47:16', 7, 1, 0),
(33, 'ใจสั่นใจหวิว (Palpitations)', 7, 6, 'http://res.cloudinary.com/dcq3ijz0g/image/upload/v1746853198/icare/ioyeelsg3llytef6tjdz.jpg', 'https://youtu.be/ehcDxmUjx7o?si=m_swJXHF1AxFj-ym', '<p><strong>สาเหตุของใจสั่นใจหวิว (Palpitations) :</strong></p><ul><li><p>- ความเครียด วิตกกังวล หรืออารมณ์ตื่นเต้น</p></li><li><p>- การพักผ่อนไม่เพียงพอ</p></li><li><p>- การดื่มเครื่องดื่มที่มีคาเฟอีนมากเกินไป เช่น กาแฟ ชา เครื่องดื่มชูกำลัง</p></li><li><p>- การดื่มแอลกอฮอล์หรือสูบบุหรี่</p></li><li><p>- ภาวะน้ำตาลในเลือดต่ำ</p></li><li><p>- ภาวะขาดน้ำ</p></li><li><p>- การออกกำลังกายหรือทำกิจกรรมหนัก</p></li><li><p>- ผลข้างเคียงจากยาบางชนิด เช่น ยาแก้หวัด ยาลดน้ำคัดจมูก</p></li><li><p>- ปัญหาหัวใจ เช่น หัวใจเต้นผิดจังหวะ</p></li><li><p>- ภาวะไทรอยด์ทำงานเกิน (ไทรอยด์เป็นพิษ)<br><br><strong>อาการ:</strong>&nbsp;<br>- รู้สึกเหมือนหัวใจเต้นเร็ว เต้นแรง เต้นผิดจังหวะ หรือวูบวาบ<br><br></p></li></ul><p><strong>วิธีดูแล/ป้องกัน:</strong></p><ul><li><p>- หลีกเลี่ยงปัจจัยกระตุ้น เช่น ความเครียด คาเฟอีน แอลกอฮอล์</p></li><li><p>- พักผ่อนให้เพียงพอ</p></li><li><p>- ออกกำลังกายอย่างสม่ำเสมอในระดับที่เหมาะสม</p></li><li><p>- ฝึกการผ่อนคลาย เช่น การทำสมาธิ การหายใจลึกๆ</p></li><li><p>- หากมีอาการบ่อย รุนแรง หรือมีอาการอื่นๆ ร่วมด้วย เช่น เจ็บหน้าอก หน้ามืด เป็นลม ควรรีบไปพบแพทย์เพื่อตรวจหาสาเหตุ<br><br>เครดิตรูปภาพ : https://health.kapook.com/view81002.html</p></li></ul>', '2025-05-09 22:00:50', '2025-05-18 05:48:25', 7, 1, 0),
(34, 'พยาธิตัวตืด (Tapeworm Infestation)', 7, 6, 'http://res.cloudinary.com/dcq3ijz0g/image/upload/v1746853302/icare/d1g5gwjh2zc24krrwyc2.jpg', 'https://youtu.be/FWqYjwQQzMU?si=tl3RkYHqY7QKZGCb', '<p><strong>สาเหตุของการติดพยาธิตัวตืด (Tapeworm Infection) :</strong></p><ul><li><p>- รับประทานเนื้อสัตว์ที่ปรุงไม่สุกหรือปรุงไม่ทั่วถึง เช่น เนื้อหมูหรือเนื้อวัวที่มีตัวอ่อนของพยาธิอยู่</p></li><li><p>- การบริโภคอาหารหรือดื่มน้ำที่ปนเปื้อนไข่พยาธิ</p></li><li><p>- สุขอนามัยส่วนบุคคลไม่ดี เช่น ไม่ล้างมือก่อนกินอาหารหรือหลังเข้าห้องน้ำ</p></li><li><p>- การถ่ายอุจจาระไม่ถูกสุขลักษณะ ทำให้ไข่พยาธิแพร่กระจายสู่สิ่งแวดล้อมและปนเปื้อนในอาหาร น้ำ หรือสัตว์อื่น<br><br><strong>อาการ:</strong>&nbsp;<br>- ส่วนใหญ่มักไม่มีอาการ แต่บางรายอาจมีอาการปวดท้อง คลื่นไส้ ท้องเสีย น้ำหนักลด อ่อนเพลีย หรือสังเกตเห็นปล้องพยาธิในอุจจาระ<br><br></p></li></ul><p><strong>วิธีดูแล/ป้องกัน:</strong></p><ul><li><p>- รับประทานเนื้อสัตว์ที่ปรุงสุกทั่วถึง</p></li><li><p>- ล้างมือให้สะอาดก่อนรับประทานอาหารและหลังเข้าห้องน้ำ</p></li><li><p>- ถ่ายอุจจาระลงในส้วมที่ถูกสุขลักษณะ</p></li><li><p>- หากสงสัยว่ามีการติดเชื้อพยาธิตัวตืด ควรรีบไปพบแพทย์เพื่อรับการรักษาด้วยยาถ่ายพยาธิ<br><br>เครดิตรูปภาพ : https://cth.co.th/tape-worms/</p></li></ul>', '2025-05-09 22:02:25', '2025-05-18 05:49:15', 7, 1, 0),
(35, 'พยาธิเส้นด้าย (Threadworm Infestation)', 7, 6, 'http://res.cloudinary.com/dcq3ijz0g/image/upload/v1746853418/icare/jr7j2nptab6g6vreive4.jpg', 'https://youtu.be/D0_n_rMAEdI?si=bg4PkOLG_2ayCbQU', '<p><strong>สาเหตุของการติดพยาธิเส้นด้าย (Pinworm Infection) :</strong></p><ul><li><p>- กลืนไข่พยาธิเข้าสู่ร่างกาย โดยบังเอิญจากมือที่ไม่สะอาด อาหารปนเปื้อน หรือสิ่งของที่มีไข่พยาธิเกาะอยู่ เช่น ผ้าปูที่นอน ของเล่น ลูกบิดประตู</p></li><li><p>- การเกาบริเวณทวารหนัก แล้วนำมือไปสัมผัสปากหรืออาหารโดยไม่ล้างมือ ทำให้เกิดการติดเชื้อซ้ำ</p></li><li><p>- ไข่พยาธิสามารถแพร่กระจายผ่านอากาศ และเกาะบนเสื้อผ้า ผ้าเช็ดตัว หรือสิ่งของต่าง ๆ</p></li><li><p>- การอยู่ร่วมในที่แออัดหรือมีเด็กเล็กอยู่รวมกัน เช่น ในโรงเรียนหรือศูนย์เด็กเล็ก ก็เพิ่มความเสี่ยงในการติดเชื้อ<br><br><strong>อาการ:</strong>&nbsp;<br>- คันบริเวณทวารหนักมาก โดยเฉพาะในเวลากลางคืน อาจนอนไม่หลับ กระสับกระส่าย<br><br></p></li></ul><p><strong>วิธีดูแล/ป้องกัน:</strong></p><ul><li><p>- ล้างมือให้สะอาดด้วยสบู่และน้ำ โดยเฉพาะก่อนรับประทานอาหาร หลังเข้าห้องน้ำ และหลังสัมผัสสิ่งของสาธารณะ</p></li><li><p>- ตัดเล็บให้สั้นและสะอาด</p></li><li><p>- ซักชุดนอน ผ้าปูที่นอน และผ้าเช็ดตัวทุกวันด้วยน้ำร้อน</p></li><li><p>- หลีกเลี่ยงการเกาบริเวณทวารหนัก</p></li><li><p>- หากมีอาการ ควรรีบไปพบแพทย์เพื่อรับการรักษาด้วยยาถ่ายพยาธิ และสมาชิกในครอบครัวอาจต้องได้รับการรักษาพร้อมกัน<br><br>เครดิตรูปภาพ : https://hellokhunmor.com/สุขภาพ/ความรู้เกี่ยวกับสุขภาพทั่วไป/พยาธิ-พบได้ในคน/</p></li></ul>', '2025-05-09 22:04:43', '2025-05-18 13:04:20', 7, 1, 5),
(36, 'กระเพาะปัสสาวะอักเสบ (Cystitis/Urinary Tract Infection - UTI)', 7, 7, 'http://res.cloudinary.com/dcq3ijz0g/image/upload/v1746853539/icare/y5mphdr3x7dacaofmiqq.jpg', 'https://youtu.be/UFA1NHMS05o?si=DD1-6O1a-tjc2wZ1', '<p><strong>สาเหตุของกระเพาะปัสสาวะอักเสบ (Urinary Tract Infection - UTI) :</strong></p><ul><li><p>- เชื้อแบคทีเรีย โดยเฉพาะ <em>Escherichia coli (E. coli)</em> ซึ่งเป็นแบคทีเรียที่พบในลำไส้ใหญ่ มักเป็นสาเหตุหลักที่ทำให้เกิดการติดเชื้อเมื่อแพร่เข้าสู่ทางเดินปัสสาวะ</p></li><li><p>- กลั้นปัสสาวะบ่อย ทำให้เชื้อโรคมีโอกาสเจริญเติบโตในกระเพาะปัสสาวะ</p></li><li><p>- การทำความสะอาดไม่ถูกวิธี เช่น เช็ดจากด้านหลังมาด้านหน้า หลังการขับถ่าย</p></li><li><p>- การมีเพศสัมพันธ์ ซึ่งอาจทำให้เชื้อแบคทีเรียเข้าสู่ทางเดินปัสสาวะ</p></li><li><p>- การใช้ผลิตภัณฑ์ที่ระคายเคือง เช่น สบู่ น้ำยาล้างจุดซ่อนเร้นที่มีสารเคมีแรง</p></li><li><p>- การใช้สายสวนปัสสาวะ หรืออุปกรณ์ทางการแพทย์ที่ไม่สะอาด</p></li><li><p>- ฮอร์โมนเปลี่ยนแปลงในวัยหมดประจำเดือน ทำให้เยื่อบุทางเดินปัสสาวะแห้งและอ่อนแอ เพิ่มความเสี่ยงต่อการติดเชื้อ<br><br><strong>อาการ:</strong></p></li></ul><ul><li><p>- ปัสสาวะบ่อย ปัสสาวะขัด ปัสสาวะแสบร้อน</p></li><li><p>- ปวดท้องน้อย</p></li><li><p>- ปัสสาวะขุ่นหรือมีเลือดปน</p></li><li><p>- อาจมีไข้ต่ำ ๆ<br><br></p></li></ul><p><strong>วิธีดูแล/ป้องกัน:</strong></p><ul><li><p>- ดื่มน้ำมากๆ</p></li><li><p>- ไม่กลั้นปัสสาวะ</p></li><li><p>- ทำความสะอาดบริเวณอวัยวะเพศจากด้านหน้าไปด้านหลังหลังขับถ่าย</p></li><li><p>- ปัสสาวะหลังมีเพศสัมพันธ์</p></li><li><p>- หลีกเลี่ยงการใช้ผลิตภัณฑ์ทำความสะอาดจุดซ่อนเร้นที่มีสารเคมีระคายเคือง</p></li><li><p>- หากมีอาการ ควรรีบไปพบแพทย์เพื่อรับการตรวจปัสสาวะและยาปฏิชีวนะ<br><br>เครดิตรูปภาพ : https://gentleclinic.co.th/urinary-tract-infection/</p></li></ul>', '2025-05-09 22:06:44', '2025-05-18 05:51:06', 7, 1, 0),
(37, 'โรคติดต่อทางเพศ (Sexually Transmitted Infections - STIs)', 7, 7, 'http://res.cloudinary.com/dcq3ijz0g/image/upload/v1746853636/icare/urovifxncpvzjwwundra.png', 'https://youtu.be/rY9hKJUY_F8?si=22Iko9yYfHQve4Rj', '<p><strong>สาเหตุของโรคติดต่อทางเพศสัมพันธ์ (Sexually Transmitted Infections - STIs) :</strong><br>- เกิดจากเชื้อแบคทีเรีย ไวรัส ปรสิต หรือเชื้อรา ซึ่งติดต่อผ่านการมีเพศสัมพันธ์ที่ไม่ปลอดภัย<br><br><strong>อาการ:</strong>&nbsp;<br>- อาการแตกต่างกันไปขึ้นอยู่กับชนิดของโรค บางรายอาจไม่มีอาการแสดง<br><br></p><p><strong>วิธีดูแล/ป้องกัน:</strong></p><ul><li><p>- ใช้ถุงยางอนามัยทุกครั้งที่มีเพศสัมพันธ์</p></li><li><p>- ลดจำนวนคู่นอน</p></li><li><p>- หลีกเลี่ยงการมีเพศสัมพันธ์ที่ไม่ปลอดภัย</p></li><li><p>- ตรวจสุขภาพและโรคติดต่อทางเพศสัมพันธ์เป็นประจำ หากมีปัจจัยเสี่ยง</p></li><li><p>- หากสงสัยว่าติดเชื้อ ควรรีบไปพบแพทย์เพื่อรับการตรวจวินิจฉัยและการรักษา<br><br>เครดิตรูปภาพ : https://ch9airport.com/th/โรคติดเชื้อทางเพศสัมพ้/</p></li></ul>', '2025-05-09 22:08:19', '2025-05-18 05:52:22', 7, 1, 0),
(38, 'เกาต์ (Gout)', 7, 7, 'http://res.cloudinary.com/dcq3ijz0g/image/upload/v1746853751/icare/ucxlszrikonh9mujwkd6.jpg', 'https://youtu.be/-Od3rg2Y668?si=0NnGdXWv8-LAQ3o3', '<p><strong>สาเหตุของโรคเกาต์ (Gout):</strong></p><ul><li><p>โรคเกาต์เป็นโรคข้ออักเสบที่เกิดจากการสะสมของผลึกกรดยูริกในข้อ ทำให้มีอาการปวด บวม แดง ร้อนที่ข้ออย่างเฉียบพลัน มักเริ่มที่โคนนิ้วหัวแม่เท้า สาเหตุหลักมาจากระดับกรดยูริกในเลือดสูง ซึ่งอาจเกิดจากการรับประทานอาหารที่มีพิวรีนสูง เช่น เครื่องในสัตว์ เนื้อแดง อาหารทะเล หรือการทำงานของไตบกพร่อง การดูแลป้องกันทำได้โดยควบคุมอาหาร ดื่มน้ำมากๆ ควบคุมน้ำหนัก หลีกเลี่ยงแอลกอฮอล์ และปฏิบัติตามคำแนะนำแพทย์อย่างเคร่งครัด.</p><ul><li><p><br><strong>อาการ:</strong></p></li></ul></li></ul><ul><li><p>- ปวดข้ออย่างรุนแรง มักเกิดที่ข้อโคนนิ้วหัวแม่เท้า ข้อเท้า หรือข้อเข่า</p></li><li><p>- ข้อบวม แดง ร้อน และกดเจ็บ</p></li><li><p>- อาการมักเกิดขึ้นอย่างเฉียบพลัน<br><br></p></li></ul><p><strong>วิธีดูแล/ป้องกัน:</strong></p><ul><li><p>- หลีกเลี่ยงอาหารที่มีพิวรีนสูง เช่น เครื่องในสัตว์ สัตว์ปีก เนื้อแดง ปลาซาร์ดีน</p></li><li><p>- ดื่มน้ำมากๆ</p></li><li><p>- ควบคุมน้ำหนัก</p></li><li><p>- หลีกเลี่ยงเครื่องดื่มแอลกอฮอล์ โดยเฉพาะเบียร์</p></li><li><p>- รับประทานยาตามแพทย์สั่งเพื่อลดระดับกรดยูริกและบรรเทาอาการปวด<br><br>เครดิตรูปภาพ : https://medthai.com/%E0%B9%82%E0%B8%A3%E0%B8%84%E0%B9%80%E0%B8%81%E0%B8%B2%E0%B8%95%E0%B9%8C/</p></li></ul>', '2025-05-09 22:09:57', '2025-05-18 05:53:52', 7, 1, 0),
(39, 'ริดสีดวงทวาร (Hemorrhoids)', 7, 7, 'http://res.cloudinary.com/dcq3ijz0g/image/upload/v1746853832/icare/lqrp92axfbwtetk4yyoq.jpg', 'https://youtu.be/xV4iwg16tYs?si=013uxx_fYKaCG_Qt', '<p><strong>สาเหตุของริดสีดวงทวาร:</strong></p><ul><li><p>- ท้องผูกเรื้อรัง หรือเบ่งอุจจาระแรง</p></li><li><p>- นั่งถ่ายนาน หรือยืนนาน นั่งนาน</p></li><li><p>- ตั้งครรภ์ (เพิ่มแรงดันในช่องท้อง)</p></li><li><p>- รับประทานอาหารที่มีกากใยน้อย</p></li><li><p>- ภาวะอ้วน หรือการยกของหนักบ่อย<br><br><strong>อาการ:</strong></p></li></ul><ul><li><p>- มีเลือดออกขณะขับถ่าย (สีแดงสด)</p></li><li><p>- คลำพบติ่งเนื้อบริเวณทวารหนัก</p></li><li><p>- คันหรือระคายเคืองบริเวณทวารหนัก</p></li><li><p>- เจ็บปวดบริเวณทวารหนัก (โดยเฉพาะริดสีดวงทวารชนิดภายนอกที่มีการอักเสบ)<br><br></p></li></ul><p><strong>วิธีดูแล/ป้องกัน:</strong></p><ul><li><p>- รับประทานอาหารที่มีกากใยสูง เช่น ผัก ผลไม้ ธัญพืชเต็มเมล็ด</p></li><li><p>- ดื่มน้ำให้เพียงพอ</p></li><li><p>- ไม่เบ่งอุจจาระแรง</p></li><li><p>- ฝึกขับถ่ายให้เป็นเวลา</p></li><li><p>- แช่น้ำอุ่นบริเวณทวารหนักเพื่อบรรเทาอาการ</p></li><li><p>- ใช้ยาเหน็บหรือยาทา (ตามคำแนะนำของแพทย์หรือเภสัชกร)</p></li><li><p>- หากอาการไม่ดีขึ้น อาจต้องรักษาด้วยวิธีทางการแพทย์ เช่น การผูก การฉีดยา หรือการผ่าตัด<br><br>เครดิตรูปภาพ : https://www.rattinan.com/hemorrhoids/</p></li></ul>', '2025-05-09 22:11:30', '2025-05-18 05:58:28', 7, 1, 0),
(40, 'ถ่ายมูกหรือมูกเลือด (Nasal Discharge or Nosebleeds)', 7, 7, 'http://res.cloudinary.com/dcq3ijz0g/image/upload/v1746853936/icare/y88eenrlthpz9c7znicu.jpg', 'https://youtu.be/_iK7j2Ie1dg?si=tlroD7otB3By1TR9', '<h3><strong>สาเหตุถ่ายมูกหรือมูกเลือด (Nasal Discharge or Nosebleeds) :</strong></h3><p><strong>ถ่ายมูก (Nasal Discharge) :</strong></p><ul><li><p>- การติดเชื้อไวรัส เช่น ไข้หวัด</p></li><li><p>- ภูมิแพ้ (Allergic rhinitis)</p></li><li><p>- การระคายเคืองจากฝุ่น ควัน หรือสารเคมี</p></li><li><p>- เยื่อบุจมูกอักเสบเรื้อรัง</p></li></ul><p><strong>มูกเลือด (Nosebleeds):</strong></p><ul><li><p>- เยื่อบุจมูกแห้งแตกจากอากาศแห้ง</p></li><li><p>- แคะจมูกหรือสั่งน้ำมูกแรงเกินไป</p></li><li><p>- การบาดเจ็บที่จมูก</p></li><li><p>- ความดันโลหิตสูง</p></li><li><p>- การใช้ยาพ่นจมูกนานเกินไป</p></li><li><p>- โรคเลือดผิดปกติ<br><br><strong>อาการ:</strong>&nbsp;<br>- มีน้ำมูกไหลออกมาจากจมูก (อาจเป็นสีใส ขาว เหลือง หรือเขียว) หรือมีเลือดออกจากจมูก<br><br></p></li></ul><p><strong>วิธีดูแล/ป้องกัน:</strong></p><ul><li><p><strong>ถ่ายมูก:</strong></p><ul><li><p>- พักผ่อนให้เพียงพอ</p></li><li><p>- ดื่มน้ำมากๆ</p></li><li><p>- ล้างจมูกด้วยน้ำเกลือ</p></li><li><p>- หลีกเลี่ยงสารก่อภูมิแพ้และมลภาวะ</p></li><li><p>- ใช้ยาบรรเทาอาการ เช่น ยาลดน้ำมูก (ตามคำแนะนำของแพทย์หรือเภสัชกร)<br><br></p></li></ul></li><li><p><strong>มูกเลือด:</strong></p><ul><li><p>- นั่งตัวตรง ก้มหน้าเล็กน้อย</p></li><li><p>- บีบจมูกบริเวณส่วนล่าง (ส่วนที่นิ่ม) ประมาณ 5-10 นาที</p></li><li><p>- ประคบเย็นบริเวณสันจมูก</p></li><li><p>- หลีกเลี่ยงการแคะจมูกแรงๆ</p></li><li><p>- หากเลือดไหลไม่หยุด ไหลบ่อย หรือมีปริมาณมาก ควรรีบไปพบแพทย์<br><br>เครดิตรูปภาพ : https://www.vimut.com/article/Blood-in-stool</p></li></ul></li></ul>', '2025-05-09 22:13:35', '2025-05-18 06:00:06', 7, 1, 0),
(41, 'รถล้มการปฐมพยาบาลและการเคลื่อนย้ายผู้ป่วยในที่เกิดเหตุ', 7, 8, 'http://res.cloudinary.com/dcq3ijz0g/image/upload/v1746854091/icare/m0cfe4lctv7sg4rount2.jpg', 'https://youtu.be/lhrGCUf_i5Q?si=4F8zllo7ErAd0oXK', '<p><strong>อาการ:</strong>&nbsp;<br>อาการบาดเจ็บมีความหลากหลายขึ้นอยู่กับความรุนแรงของอุบัติเหตุ อาจมีตั้งแต่บาดแผลถลอก ฟกช้ำ กระดูกหัก การบาดเจ็บที่ศีรษะและสมอง การบาดเจ็บที่อวัยวะภายใน ไปจนถึงการเสียชีวิต</p><p><br><strong>วิธีดูแล/ป้องกันเบื้องต้น:</strong></p><ul><li><p><strong>- ความปลอดภัย ณ จุดเกิดเหตุ:</strong>&nbsp;ประเมินสถานการณ์ให้แน่ใจว่าปลอดภัยต่อผู้ช่วยเหลือเองก่อนเข้าไปช่วยเหลือผู้บาดเจ็บ<br><br></p></li><li><p><strong>การปฐมพยาบาลเบื้องต้น:</strong></p><ul><li><p><strong>- ดูแลทางเดินหายใจ:</strong>&nbsp;ตรวจสอบว่าผู้บาดเจ็บหายใจได้หรือไม่ หากไม่หายใจ ให้ทำการช่วยฟื้นคืนชีพขั้นพื้นฐาน (CPR) หากได้รับการฝึกฝน</p></li><li><p><strong>- ห้ามเลือด:</strong>&nbsp;หากมีเลือดออก ให้ใช้ผ้าสะอาดกดบริเวณบาดแผลโดยตรง</p></li><li><p><strong>- ตรึงกระดูก:</strong>&nbsp;หากสงสัยว่ามีการหักของกระดูก (ปวด บวม ผิดรูป) ให้ดามด้วยวัสดุที่แข็งแรง เช่น ไม้ หรือกระดาษแข็ง และพันด้วยผ้า</p></li><li><p><strong>- ดูแลบาดแผล:</strong>&nbsp;ปิดบาดแผลด้วยผ้าสะอาดเพื่อป้องกันการติดเชื้อ</p></li><li><p><strong>- ประเมินระดับความรู้สึกตัว:</strong>&nbsp;พูดคุยกับผู้บาดเจ็บเพื่อดูว่ารู้สึกตัวหรือไม่</p></li></ul></li><li><p><strong>- การเคลื่อนย้ายผู้ป่วย:</strong>&nbsp;ควรเคลื่อนย้ายผู้บาดเจ็บให้น้อยที่สุดเท่าที่จะทำได้ โดยเฉพาะหากสงสัยว่ามีการบาดเจ็บที่กระดูกสันหลัง ควรรอทีมแพทย์กู้ชีพที่มีความชำนาญในการเคลื่อนย้าย หากจำเป็นต้องเคลื่อนย้ายจริงๆ ให้เคลื่อนย้ายโดยประคองศีรษะและลำตัวให้เป็นแนวเดียวกัน</p></li><li><p><strong>- โทรแจ้งหน่วยแพทย์ฉุกเฉิน:</strong>&nbsp;โทร 1669 เพื่อขอความช่วยเหลือทางการแพทย์โดยเร็วที่สุด ให้ข้อมูลเกี่ยวกับสถานที่เกิดเหตุ จำนวนผู้บาดเจ็บ และลักษณะการบาดเจ็บ<br><br>เครดิตรูปภาพ : https://th.theasianparent.com/มอเตอร์ไซค์ล้มตอนท้อง</p></li></ul>', '2025-05-09 22:16:48', '2025-05-15 02:37:24', 7, 1, 0),
(42, 'บาดเจ็บจากการเล่นกีฬา', 7, 8, 'http://res.cloudinary.com/dcq3ijz0g/image/upload/v1746854314/icare/ooemmltd1lx6ymqkc4cb.jpg', 'https://youtu.be/kWUzVywdm-g?si=vd1xmILQPSJfg05q', '<p><strong>อาการ:</strong>&nbsp;ปวด บวม ช้ำ เคลื่อนไหวลำบาก หรือไม่สามารถเคลื่อนไหวได้ อาจมีเสียงดังในข้อต่อขณะบาดเจ็บ<br><br></p><p><strong>วิธีดูแล/ป้องกันเบื้องต้น:</strong></p><ul><li><p><strong>หลักการ RICE:</strong></p><ul><li><p><strong>- Rest (พัก):</strong>&nbsp;หยุดพักการใช้งานบริเวณที่บาดเจ็บทันที</p></li><li><p><strong>- Ice (น้ำแข็ง):</strong>&nbsp;ประคบเย็นด้วยน้ำแข็งหรือเจลเย็นบริเวณที่บาดเจ็บ ครั้งละ 15-20 นาที ทุก 2-3 ชั่วโมง ในช่วง 24-48 ชั่วโมงแรก เพื่อลดปวดและบวม</p></li><li><p><strong>- Compression (พัน):</strong>&nbsp;พันผ้ารอบบริเวณที่บาดเจ็บให้กระชับพอดี เพื่อช่วยลดบวม (ระวังอย่าพันแน่นเกินไปจนเลือดไหลเวียนไม่สะดวก)</p></li><li><p><strong>- Elevation (ยกสูง):</strong>&nbsp;ยกส่วนที่บาดเจ็บให้สูงกว่าระดับหัวใจ เพื่อช่วยลดบวม</p></li></ul></li><li><p><strong>- หลีกเลี่ยงการใช้งาน:</strong>&nbsp;งดการใช้งานหรือลงน้ำหนักบริเวณที่บาดเจ็บจนกว่าอาการจะดีขึ้น</p></li><li><p><strong>- รับประทานยาแก้ปวด:</strong>&nbsp;หากมีอาการปวด สามารถรับประทานยาแก้ปวด เช่น พาราเซตามอล</p></li><li><p><strong>- ปรึกษาแพทย์:</strong>&nbsp;หากอาการไม่ดีขึ้นภายใน 2-3 วัน อาการปวดรุนแรง ไม่สามารถลงน้ำหนักได้ หรือสงสัยว่ามีการบาดเจ็บที่รุนแรง เช่น กระดูกหัก เอ็นฉีกขาด ควรไปพบแพทย์เพื่อตรวจวินิจฉัยและรับการรักษา<br><br>เครดิตรูปภาพ : https://www.bangkokhospital.com/th/bangkok/content/5-injuries-from-sports</p></li></ul>', '2025-05-09 22:19:45', '2025-05-15 02:37:28', 7, 1, 0),
(43, 'ก้างปลาติดคอ', 7, 8, 'http://res.cloudinary.com/dcq3ijz0g/image/upload/v1746854433/icare/to3pye2sxiscjq2yf0tj.jpg', 'https://youtu.be/DwJk2ojtU2M?si=HsH9742FasYGka4G', '<p><strong>อาการ:</strong>&nbsp;รู้สึกเจ็บหรือระคายเคืองในลำคอ กลืนลำบาก เจ็บขณะกลืน อาจมีอาการไอหรือพยายามขากออก<br><br></p><p><strong>วิธีดูแล/ป้องกันเบื้องต้น:</strong></p><ul><li><p><strong>- พยายามไอออกมา:</strong>&nbsp;ลองไอแรงๆ เพื่อขับก้างปลาออกมา</p></li><li><p><strong>- ดื่มน้ำ:</strong>&nbsp;ดื่มน้ำช้าๆ อาจช่วยให้ก้างปลาหลุดลงไปในกระเพาะอาหาร</p></li><li><p><strong>- กินอาหารนิ่มๆ:</strong>&nbsp;ลองกินอาหารนิ่มๆ เช่น ข้าวสวย กล้วย หรือขนมปัง อาจช่วยดันก้างปลาลงไป</p></li><li><p><strong>- ห้ามพยายามล้วงคอเอง:</strong>&nbsp;การล้วงคอเองอาจทำให้ก้างปลาทิ่มลึกลงไป หรือทำให้เกิดการบาดเจ็บ</p></li><li><p><strong>- สังเกตอาการ:</strong>&nbsp;หากอาการไม่ดีขึ้น เจ็บมากขึ้น กลืนลำบากมาก หายใจลำบาก หรือมีเลือดออก ควรรีบไปพบแพทย์เพื่อนำก้างปลาออกอย่างปลอดภัย<br><br>เครดิตรูปภาพ : https://health.kapook.com/view134701.html</p></li></ul>', '2025-05-09 22:21:17', '2025-05-15 02:37:32', 7, 1, 0),
(44, 'บาดเจ็บจากของมีคม', 7, 8, 'http://res.cloudinary.com/dcq3ijz0g/image/upload/v1746854506/icare/dobcpsloex0f7f3ldod2.jpg', 'https://youtu.be/PKuYV_d1zes?si=ochLUEGZczhyh_V8', '<p><strong>อาการ:</strong>&nbsp;<br>- มีบาดแผล เลือดออก เจ็บปวด ความรุนแรงของอาการขึ้นอยู่กับความลึกและตำแหน่งของบาดแผล<br><br></p><p><strong>วิธีดูแล/ป้องกันเบื้องต้น:</strong></p><ul><li><p><strong>- ห้ามเลือด:</strong>&nbsp;ใช้ผ้าสะอาดกดบริเวณบาดแผลโดยตรง หากเลือดยังไหลไม่หยุด ให้ยกส่วนที่บาดเจ็บให้สูงขึ้น</p></li><li><p><strong>- ทำความสะอาดบาดแผล:</strong>&nbsp;ล้างบาดแผลด้วยน้ำสะอาด หรือน้ำเกลือ หากมีสิ่งสกปรกฝังอยู่ ควรไปพบแพทย์เพื่อนำออก</p></li><li><p><strong>- ใส่ยาฆ่าเชื้อ:</strong>&nbsp;ทายาฆ่าเชื้อ เช่น โพวิโดน-ไอโอดีน (เบตาดีน) หรือยาปฏิชีวนะชนิดทา (ตามคำแนะนำของเภสัชกร)</p></li><li><p><strong>- ปิดบาดแผล:</strong>&nbsp;ปิดบาดแผลด้วยผ้าก๊อซสะอาด เพื่อป้องกันการติดเชื้อ</p></li><li><p><strong>- สังเกตอาการ:</strong>&nbsp;หากมีอาการปวด บวม แดง ร้อนมากขึ้น มีหนอง หรือมีไข้ แสดงว่าอาจมีการติดเชื้อ ควรรีบไปพบแพทย์</p></li><li><p><strong>- ฉีดวัคซีนบาดทะยัก:</strong>&nbsp;หากบาดแผลลึก สกปรก หรือไม่แน่ใจว่าเคยฉีดวัคซีนบาดทะยักครั้งสุดท้ายเมื่อไหร่ ควรปรึกษาแพทย์เพื่อพิจารณาการฉีดวัคซีน<br><br>เครดิตรูปภาพ : https://www.scimath.org/other-article/item/7386-2017-07-20-07-29-12</p></li></ul>', '2025-05-09 22:22:41', '2025-05-15 02:37:36', 7, 1, 0);

-- --------------------------------------------------------

--
-- Table structure for table `users`
--

CREATE TABLE `users` (
  `id` int(11) NOT NULL,
  `username` varchar(255) NOT NULL,
  `password` varchar(255) NOT NULL,
  `role` enum('user','admin') NOT NULL DEFAULT 'user',
  `isActive` tinyint(1) NOT NULL DEFAULT 1,
  `createdAt` timestamp NOT NULL DEFAULT current_timestamp(),
  `updatedAt` timestamp NOT NULL DEFAULT current_timestamp() ON UPDATE current_timestamp()
) ENGINE=InnoDB DEFAULT CHARSET=utf8mb4 COLLATE=utf8mb4_general_ci;

--
-- Dumping data for table `users`
--

INSERT INTO `users` (`id`, `username`, `password`, `role`, `isActive`, `createdAt`, `updatedAt`) VALUES
(7, 'admin', '$2b$10$V6XclZefioWeQNRW3160Ae4BiLWtLHtRMjm9Xgbge5tq8PJdKUCte', 'admin', 1, '2025-03-14 02:38:11', '2025-03-21 13:20:13'),
(19, 'icare', '$2b$10$4ed74f5hhMjmIc3cxKcWd.jqnDI9Qu/AndeAjcAXFC4zWA3pf/zrO', 'admin', 1, '2025-04-01 21:48:53', '2025-04-01 21:48:53');

-- --------------------------------------------------------

--
-- Table structure for table `video_links`
--

CREATE TABLE `video_links` (
  `id` int(11) NOT NULL,
  `title` varchar(255) NOT NULL,
  `description` text DEFAULT NULL,
  `url` varchar(500) NOT NULL,
  `user_id` int(11) DEFAULT NULL COMMENT 'คนสร้าง',
  `update_id` int(11) DEFAULT NULL,
  `isActive` tinyint(1) NOT NULL,
  `views` int(11) NOT NULL DEFAULT 0,
  `thumbnail_url` varchar(500) DEFAULT NULL,
  `created_at` timestamp NOT NULL DEFAULT current_timestamp(),
  `updated_at` timestamp NOT NULL DEFAULT current_timestamp() ON UPDATE current_timestamp()
) ENGINE=InnoDB DEFAULT CHARSET=utf8mb4 COLLATE=utf8mb4_general_ci;

--
-- Dumping data for table `video_links`
--

INSERT INTO `video_links` (`id`, `title`, `description`, `url`, `user_id`, `update_id`, `isActive`, `views`, `thumbnail_url`, `created_at`, `updated_at`) VALUES
(2, 'วิธีการป้องกันตัวเองจาก COVID - 19', 'เครดิตรูปภาพ : https://benjarom.com/โรคโคโรนาไวรัส-covid-19-เป็นโร/', 'https://youtu.be/KdRXe6ZfK6w?si=-MBmQK5MAyRQlrWH', 7, 7, 1, 58, 'http://res.cloudinary.com/dcq3ijz0g/image/upload/v1743569916/icare/jc0nxfxdu4exzwrm0skt.png', '2025-03-15 12:28:18', '2025-05-18 12:20:06'),
(3, 'การแก้ปัญหาการนอนหลับ', '\nเครดิตรูปภาพ : https://www.maikron.co.th/insomnia-older/', 'https://youtu.be/_hsa4aoqgDk?si=tVwZnkzE4FoUjzaB', 7, 7, 1, 6, 'http://res.cloudinary.com/dcq3ijz0g/image/upload/v1747570643/icare/rrowah2kshtfvhcpkih1.jpg', '2025-05-15 02:43:56', '2025-05-18 12:18:52'),
(4, 'การรับมือความเครียดทางจิตใจ', 'เครดิตรูปภาพ : https://www.si.mahidol.ac.th/th/healthdetail.asp?aid=1492', 'https://youtu.be/U7d1-_SWJv4?si=GqCZn7KfJWygCv3H', 7, 7, 1, 2, 'http://res.cloudinary.com/dcq3ijz0g/image/upload/v1747570850/icare/bch5nt2kwdiuaptrpwn0.jpg', '2025-05-15 02:46:03', '2025-05-18 12:21:40'),
(5, 'การปฐมพยาบาลด้วยผ้าพันแผล', 'เครดิตรูปภาพ : https://www.healthdome.me/บทความสุขภาพ-en/การปฐมพยาบาลเบื้องต้น-ก/', 'https://youtu.be/LJzOGqrd75M?si=xISIkHJP2OHEIim3', 7, 7, 1, 4, 'http://res.cloudinary.com/dcq3ijz0g/image/upload/v1747571044/icare/xsy2yheddiptbrzmg8ws.jpg', '2025-05-15 02:47:13', '2025-05-18 12:24:07'),
(6, 'การเลือกใช้ยาสามัญประจำบ้าน', 'เครดิตรูปภาพ : https://health.kapook.com/view266928.html', 'https://youtu.be/MVmMYIu0UPc?si=ij32CxMg-jZcAtIQ', 7, 7, 1, 2, 'http://res.cloudinary.com/dcq3ijz0g/image/upload/v1747571101/icare/c2bpygaqlitdfnqyon2q.jpg', '2025-05-15 02:55:45', '2025-05-18 12:25:25');

--
-- Indexes for dumped tables
--

--
-- Indexes for table `category`
--
ALTER TABLE `category`
  ADD PRIMARY KEY (`id`);

--
-- Indexes for table `comments`
--
ALTER TABLE `comments`
  ADD PRIMARY KEY (`id`);

--
-- Indexes for table `posts`
--
ALTER TABLE `posts`
  ADD PRIMARY KEY (`id`),
  ADD KEY `category_id` (`category_id`),
  ADD KEY `fk_head_user_id` (`user_id`),
  ADD KEY `fk_user_update_id` (`user_update_id`);

--
-- Indexes for table `users`
--
ALTER TABLE `users`
  ADD PRIMARY KEY (`id`),
  ADD UNIQUE KEY `username` (`username`);

--
-- Indexes for table `video_links`
--
ALTER TABLE `video_links`
  ADD PRIMARY KEY (`id`),
  ADD KEY `fk_user_id` (`user_id`),
  ADD KEY `fk_update_id` (`update_id`);

--
-- AUTO_INCREMENT for dumped tables
--

--
-- AUTO_INCREMENT for table `category`
--
ALTER TABLE `category`
  MODIFY `id` int(11) NOT NULL AUTO_INCREMENT, AUTO_INCREMENT=9;

--
-- AUTO_INCREMENT for table `comments`
--
ALTER TABLE `comments`
  MODIFY `id` int(11) NOT NULL AUTO_INCREMENT, AUTO_INCREMENT=6;

--
-- AUTO_INCREMENT for table `posts`
--
ALTER TABLE `posts`
  MODIFY `id` int(11) NOT NULL AUTO_INCREMENT, AUTO_INCREMENT=45;

--
-- AUTO_INCREMENT for table `users`
--
ALTER TABLE `users`
  MODIFY `id` int(11) NOT NULL AUTO_INCREMENT, AUTO_INCREMENT=21;

--
-- AUTO_INCREMENT for table `video_links`
--
ALTER TABLE `video_links`
  MODIFY `id` int(11) NOT NULL AUTO_INCREMENT, AUTO_INCREMENT=8;

--
-- Constraints for dumped tables
--

--
-- Constraints for table `posts`
--
ALTER TABLE `posts`
  ADD CONSTRAINT `fk_head_user_id` FOREIGN KEY (`user_id`) REFERENCES `users` (`id`) ON DELETE NO ACTION ON UPDATE NO ACTION,
  ADD CONSTRAINT `fk_user_update_id` FOREIGN KEY (`user_update_id`) REFERENCES `users` (`id`) ON DELETE NO ACTION ON UPDATE NO ACTION,
  ADD CONSTRAINT `posts_ibfk_1` FOREIGN KEY (`category_id`) REFERENCES `category` (`id`);

--
-- Constraints for table `video_links`
--
ALTER TABLE `video_links`
  ADD CONSTRAINT `fk_update_id` FOREIGN KEY (`update_id`) REFERENCES `users` (`id`) ON DELETE NO ACTION ON UPDATE NO ACTION,
  ADD CONSTRAINT `fk_user_id` FOREIGN KEY (`user_id`) REFERENCES `users` (`id`) ON DELETE NO ACTION ON UPDATE NO ACTION;
COMMIT;

/*!40101 SET CHARACTER_SET_CLIENT=@OLD_CHARACTER_SET_CLIENT */;
/*!40101 SET CHARACTER_SET_RESULTS=@OLD_CHARACTER_SET_RESULTS */;
/*!40101 SET COLLATION_CONNECTION=@OLD_COLLATION_CONNECTION */;
